Alcester;Dontio;2
Alcester;Iullinus i;2
Alcester;Modestus i;3
Alcester;Passenus (Passienus);5
Alcester;Primus iii;3
Alcester;Logirnus;3
Alchester;Licinus;2
Alchester;Patricius i;2
Alchester;L. Cosius Virilis;2
Arlesey;Mont- Cres- (Montius Cres);2
Arlesey;Passenus (Passienus);2
Arlesey;Rutaenus;2
Arlesey;Felix i;2
Ashwell;Germanus i;3
Baginton;Murranus i;2
Baginton;Niger ii;5
Baginton;Passenus (Passienus);5
Baginton;Felix i;3
Baginton;Primus iii;2
Baldock;Germanus i;2
Baldock;Carbo;2
Baldock;Crestio;5
Baldock;Iustus i;2
Baldock;Licinus;6
Baldock;Modestus i;2
Baldock;Mommo;2
Baldock;Niger ii;2
Baldock;Passenus (Passienus);3
Baldock;Patricius i;4
Baldock;Rufinus iii;2
Baldock;Felix i;4
Baldock;Primus iii;5
Baldock;Sabinus iii;3
Bartlow;L. Cosius Virilis;2
Bath;Germanus i;4
Bath;Censor i;2
Bath;Crestus i;2
Bath;Crispus iii;2
Bath;Licinus;2
Bath;Modestus i;2
Bath;Niger ii;6
Bath;Passenus (Passienus);4
Bath;Ponei- (Pone-);2
Bath;Primulus i;2
Bath;Rufus iii;3
Bath;Vitalis ii;2
Bath;Felix i;2
Bath;Primus iii;3
Bayford;Mommo;2
Billericay;Murranus i;2
Binchester;C. Silvius Patricius;2
Binchester;Censor i;2
Binchester;Crestus i;3
Binchester;Iucundus iii;2
Binchester;Patricius i;2
Binchester;Calvus i;2
Braughing;Licinus;3
Braughing;Passenus (Passienus);2
Braughing;Vitalis ii;2
Braughing;Logirnus;2
Brecon;Mercator i (Mercatoris)?;2
Brecon;Mommo;2
Brecon;Vitalis ii;4
Brecon;L. Cosius Virilis;2
Brough-on-Humber;Secundus ii;3
Broughton, Milton Keynes;Licinus;2
Broxtowe;Passenus (Passienus);2
Caerhûn;Patricius i;2
Caerhûn;Primus iii;2
Caerleon;Flavius Germanus (L. Flavius Germanus);2
Caerleon;Germanus i;4
Caerleon;Martialis i;2
Caerleon;Meddillus (Mesillus);2
Caerleon;Albanus ii;2
Caerleon;Bassus iii;2
Caerleon;Bissunus;2
Caerleon;C. Silvius Patricius;4
Caerleon;Carantus i;4
Caerleon;Censor i;7
Caerleon;Cosius Rufinus;4
Caerleon;Cotto ii;4
Caerleon;Crestus i;5
Caerleon;Crispus iii;2
Caerleon;Frontinus;5
Caerleon;Fuscus ii;6
Caerleon;Iucundus iii;5
Caerleon;L. Cosius;2
Caerleon;L. Tr- Masculus;3
Caerleon;Labio;2
Caerleon;M. Crestio (M- Crestio);3
Caerleon;Memor;3
Caerleon;Mercator i (Mercatoris)?;5
Caerleon;Moi-;3
Caerleon;Montanus i;3
Caerleon;Murranus i;3
Caerleon;Passenus (Passienus);7
Caerleon;Patricius i;12
Caerleon;Paullus iii;2
Caerleon;Perrus (Perus);3
Caerleon;Pontus (Pontius)?;2
Caerleon;Rufinus iii;6
Caerleon;Rufus iii;3
Caerleon;Severus iii;12
Caerleon;Silvinus ii;6
Caerleon;Sulpicius;6
Caerleon;Virilis ii;3
Caerleon;Virtus i;3
Caerleon;Vitalis ii;15
Caerleon;Vitalis ii-P-;3
Caerleon;Calvus i;6
Caerleon;Primus iii;2
Caerleon;L. Cosius Virilis;12
Caerleon;T. Flavius Secundus;2
Caerleon;Sabinus iii;2
Caerleon;Logirnus;3
Caernarfon;Passenus (Passienus);2
Caernarfon;Rufus iii;3
Caernarfon;Calvus i;2
Caernarfon;Sabinus iii;2
Caersws;Censor i;3
Caersws;Felix i-Sev-;2
Caersws;Iullinus i;2
Caersws;Passenus (Passienus);2
Caersws;Calvus i;2
Caerwent;Crestus i;2
Caerwent;Mona-;2
Caerwent;Severus iii;3
Caerwent;Silvinus ii;2
Caerwent;Virilis ii;2
Caerwent;Vitalis ii;5
Caerwent;L. Cosius Virilis;3
Caistor-by-Norwich;Iucundus iii;2
Caistor-by-Norwich;Passenus (Passienus);4
Caistor-by-Norwich;Ponteius;4
Caistor-by-Norwich;Rufinus iii;2
Caistor-by-Norwich;Rufus iii;2
Caistor-by-Norwich;Sarrutus;2
Caistor-by-Norwich;Severus iii;2
Caistor-by-Norwich;Calvus i;4
Caistor-by-Norwich;Primus iii;3
Caistor-by-Norwich;L. Cosius Virilis;4
Caistor-by-Norwich;Logirnus;2
Cambridge;Rufinus iii;2
Camelon;Germanus i;2
Camelon;Cosius Rufinus;2
Camelon;Frontinus;4
Camelon;Passenus (Passienus);3
Camelon;Rufinus iii;2
Camelon;Virtus i;2
Camelon;Vitalis ii;2
Camelon;Calvus i;2
Camelon;Secundus ii;5
Camelon;Logirnus;2
Camulodunum;Aquitanus;5
Camulodunum;Ardacus ii;10
Camulodunum;Ardanus;4
Camulodunum;Bassus ii;3
Camulodunum;Cantus;6
Camulodunum;Capito i;2
Camulodunum;Cennatus;2
Camulodunum;Cocus i;2
Camulodunum;Crestio;9
Camulodunum;Damonus;3
Camulodunum;Darra (Darrantus)?;2
Camulodunum;Firmo i;4
Camulodunum;Florus ii;2
Camulodunum;Ingenuus ii;4
Camulodunum;Laurus;2
Camulodunum;Libertus i;2
Camulodunum;Licinus;39
Camulodunum;Lucceius i;3
Camulodunum;Maccarus i;5
Camulodunum;Marinus i;2
Camulodunum;Marsus i (Marssus);4
Camulodunum;Modestus i;8
Camulodunum;Murranus i;10
Camulodunum;Passenus (Passienus);3
Camulodunum;Potitus i;2
Camulodunum;Regenus;2
Camulodunum;Rogatus;3
Camulodunum;Romulus i;2
Camulodunum;Rusticus;2
Camulodunum;Scotnus;7
Camulodunum;Scottius i;3
Camulodunum;Secundus i;3
Camulodunum;Senicio;4
Camulodunum;Sentrus ii;2
Camulodunum;Tertius iii;3
Camulodunum;Volus;9
Camulodunum;Primus iii;10
Camulodunum;Atepo- (Atepomarus i)?;3
Camulodunum;Masclus i (Masculus);3
Camulodunum;Acutus i;3
Canterbury;Germanus i;5
Canterbury;Ardacus ii;3
Canterbury;Censor i;3
Canterbury;Cosius Rufinus;2
Canterbury;Crestio;4
Canterbury;Dontio;2
Canterbury;Fuscus ii;2
Canterbury;Ingenuus ii;3
Canterbury;Licinus;18
Canterbury;Masclinus;2
Canterbury;Mercator i (Mercatoris)?;2
Canterbury;Modestus i;7
Canterbury;Murranus i;6
Canterbury;Niger ii;13
Canterbury;Passenus (Passienus);11
Canterbury;Patricius i;3
Canterbury;Perrus (Perus);2
Canterbury;Pontus (Pontius)?;2
Canterbury;Sarrutus;3
Canterbury;Severus iii;9
Canterbury;Silvinus ii;2
Canterbury;Tertius iii;2
Canterbury;Virthus;3
Canterbury;Vitalis ii;11
Canterbury;Calvus i;3
Canterbury;Secundus ii;6
Canterbury;Felix i;4
Canterbury;Primus iii;9
Canterbury;L. Cosius Virilis;2
Canterbury;Masclus i (Masculus);5
Canterbury;Acutus i;3
Canterbury;Sabinus iii;2
Canterbury;Logirnus;3
Cardiff;Meddillus (Mesillus);2
Cardiff;Rufinus iii;2
Cardiff;Severus iii;2
Cardiff;Primus iii;3
Cardiff;Sabinus iii;2
Carlisle;Flavius Germanus (L. Flavius Germanus);5
Carlisle;Germanus i;4
Carlisle;Albanus ii;6
Carlisle;Apro (Apro-)?;2
Carlisle;Censor i;2
Carlisle;Coelus ii;4
Carlisle;Cosius Rufinus;2
Carlisle;Cotto ii;3
Carlisle;Crestio;2
Carlisle;Crestus i;8
Carlisle;Firmo ii;2
Carlisle;Frontinus;3
Carlisle;Iucundus iii;3
Carlisle;Iullinus i;2
Carlisle;L. Tr- Masculus;2
Carlisle;Labio;2
Carlisle;Mercator i (Mercatoris)?;4
Carlisle;Mon- i;2
Carlisle;Mont- Cres- (Montius Cres);3
Carlisle;Montanus i;3
Carlisle;Ortius Paullus;3
Carlisle;Patricius i;4
Carlisle;Peregrinus i;2
Carlisle;Perrus (Perus);2
Carlisle;Primulus i;2
Carlisle;Pudens ii;2
Carlisle;Quartus iii;2
Carlisle;Roppus i;2
Carlisle;Rufinus iii;6
Carlisle;Rufus iii;2
Carlisle;Sabinus iv;3
Carlisle;Sarrutus;3
Carlisle;Severus iii;2
Carlisle;Severus iii-Pud(ens)?;2
Carlisle;Silvinus ii;3
Carlisle;Sulpicius;2
Carlisle;Virtus i;3
Carlisle;Vitalis ii;8
Carlisle;Calvus i;13
Carlisle;Biragillus i;2
Carlisle;Secundus ii;6
Carlisle;Primus iii;6
Carlisle;Sabinus iii;4
Carmarthen;Censor i;2
Carmarthen;L. Tr- Masculus;2
Carmarthen;Montanus i;2
Carmarthen;Patricius i;2
Carmarthen;Rufinus iii;2
Carmarthen;Severus iii;3
Carmarthen;Logirnus;2
Castleford;Meddillus (Mesillus);3
Castleford;Albanus ii;2
Castleford;Iucundus iii;3
Castleford;Labio;2
Castleford;Levius (Levus?);2
Castleford;Moi-;2
Castleford;Mommo;3
Castleford;Mont- Cres- (Montius Cres);2
Castleford;Passenus (Passienus);5
Castleford;Patricius i;3
Castleford;Pontus (Pontius)?;4
Castleford;Primulus i;4
Castleford;Quintio i;2
Castleford;Severus iii;5
Castleford;Virtus i;3
Castleford;Calvus i;3
Castleford;Felix i;2
Castleford;Primus iii;3
Castleford;Logirnus;4
Catterick;Flavius Germanus (L. Flavius Germanus);2
Catterick;Censor i;2
Catterick;Cl- Gemma (Claudius Gemma)?;2
Catterick;Cosius Iucundus (A. Co- Iuc-)?;2
Catterick;Iucundus iii;3
Catterick;Mercator i (Mercatoris)?;2
Catterick;Paullus iii;2
Catterick;Virilis ii;2
Catterick;Calvus i;3
Catterick;L. Cosius Virilis;4
Catterick;Sabinus iii;2
Charterhouse-on-Mendip;Crispus iii;2
Charterhouse-on-Mendip;Passenus (Passienus);2
Charterhouse-on-Mendip;Patricius i;2
Chelmsford;Bassus ii;2
Chelmsford;Crestus i;2
Chelmsford;Maccarus i;2
Chelmsford;Niger ii;2
Chelmsford;Passenus (Passienus);3
Chelmsford;Rufinus iii;2
Chelmsford;Severus iii;3
Chelmsford;Primus iii;4
Chester;Germanus i;2
Chester;Albanus ii;4
Chester;Albus i;3
Chester;Apro (Apro-)?;4
Chester;Bionis (Bio)?;3
Chester;C. Iulius Celer (Cicelr- etc.);3
Chester;C. Silvius Patricius;4
Chester;Carantus i;2
Chester;Censor i;6
Chester;Coelus ii;2
Chester;Cosius Iucundus (A. Co- Iuc-)?;3
Chester;Cosius Rufinus;6
Chester;Cotto ii;3
Chester;Crestio;4
Chester;Crestus i;5
Chester;Dontio;3
Chester;Felicio ii;2
Chester;Firmus ii;2
Chester;Flavius Avi- (Flavius Avitus)?;2
Chester;Frontinus;10
Chester;Fuscus ii;2
Chester;Iucundus iii;5
Chester;Iullinus i;3
Chester;L. Cosius;2
Chester;L. Ter- Secundus;3
Chester;L. Tr- Masculus;4
Chester;Labio;4
Chester;Libertus i;3
Chester;Manduilus;3
Chester;Masclinus;4
Chester;Memor;7
Chester;Mercator i (Mercatoris)?;3
Chester;Modestus i;2
Chester;Moi-;2
Chester;Mommo;3
Chester;Mont- Cres- (Montius Cres);2
Chester;Murranus i;2
Chester;Niger ii;2
Chester;Passenus (Passienus);8
Chester;Patricius i;25
Chester;Peregrinus i;2
Chester;Perrus (Perus);2
Chester;Ponteius;2
Chester;Pontus (Pontius)?;5
Chester;Primulus i;6
Chester;Quintio i;2
Chester;Rufinus iii;16
Chester;Rufus iii;7
Chester;Sarrutus;6
Chester;Severus iii;9
Chester;Sextius Can- (Sex- Can-);2
Chester;Silvinus ii;2
Chester;Sulpicius;8
Chester;Virilis ii;6
Chester;Virtus i;2
Chester;Vitalis ii;16
Chester;Calvus i;22
Chester;Secundus ii;4
Chester;Felix i;3
Chester;Primus iii;6
Chester;L. Cosius Virilis;3
Chester;Sabinus iii;3
Chester;Logirnus;4
Chesterholm-Vindolanda;Flavius Germanus (L. Flavius Germanus);6
Chesterholm-Vindolanda;Billicuro;2
Chesterholm-Vindolanda;Celsus ii;2
Chesterholm-Vindolanda;Cotto ii;2
Chesterholm-Vindolanda;Crestus i;3
Chesterholm-Vindolanda;Frontinus;3
Chesterholm-Vindolanda;Iullinus i;4
Chesterholm-Vindolanda;Mercator i (Mercatoris)?;2
Chesterholm-Vindolanda;Murranus i;2
Chesterholm-Vindolanda;Patricius i;2
Chesterholm-Vindolanda;Ponteius;2
Chesterholm-Vindolanda;Sarrutus;2
Chesterholm-Vindolanda;Silvinus ii;2
Chesterholm-Vindolanda;Virilis ii;3
Chesterholm-Vindolanda;Calvus i;4
Chichester;Germanus i;4
Chichester;Albanus ii;3
Chichester;Amandus ii;3
Chichester;Ardacus ii;3
Chichester;Cosius Iucundus (A. Co- Iuc-)?;5
Chichester;Crestio;3
Chichester;Crestus i;3
Chichester;Firmo ii;3
Chichester;Frontinus;2
Chichester;Ingenuus ii;3
Chichester;Iucundus iii;2
Chichester;Labio;4
Chichester;Licinus;5
Chichester;Mommo;2
Chichester;Murranus i;5
Chichester;Nequres;2
Chichester;Niger ii;4
Chichester;Passenus (Passienus);4
Chichester;Patricius i;7
Chichester;Peregrinus i;2
Chichester;Ponteius;2
Chichester;Regenus;2
Chichester;Rufinus iii;3
Chichester;Secundus i;2
Chichester;Severus iii;8
Chichester;Virtus i;2
Chichester;Vitalis i;2
Chichester;Vitalis ii;7
Chichester;Calvus i;4
Chichester;Celadus;2
Chichester;Felix i;3
Chichester;Primus iii;7
Chichester;Sabinus iii;2
Chichester;Logirnus;2
Chichester;Inea?;2
Cirencester;Germanus i;7
Cirencester;Martialis i;3
Cirencester;Abitus (Habitus);2
Cirencester;Albanus ii;2
Cirencester;Amandus ii;3
Cirencester;Aper i;2
Cirencester;Aquitanus;3
Cirencester;Ardacus ii;3
Cirencester;Bassus ii;2
Cirencester;Castus i;2
Cirencester;Cennatus;2
Cirencester;Censor i;6
Cirencester;Cosiu Urap- (Cosius Urappus);2
Cirencester;Cosius Iucundus (A. Co- Iuc-)?;2
Cirencester;Cosius Rufinus;5
Cirencester;Cotio (Otio)?;2
Cirencester;Cotto ii;5
Cirencester;Crestio;9
Cirencester;Crestus i;7
Cirencester;Crispus iii;2
Cirencester;Dontio;3
Cirencester;Fabus i;3
Cirencester;Firmo ii;3
Cirencester;Firmus ii;2
Cirencester;Frontinus;5
Cirencester;G. Salarius Aptus;3
Cirencester;Gallus ii;2
Cirencester;Ingenuus ii;2
Cirencester;Iullinus i;3
Cirencester;Iustus i;3
Cirencester;L. Tr- Masculus;4
Cirencester;Labio;2
Cirencester;Licinus;8
Cirencester;Maccarus i;6
Cirencester;Macer i;2
Cirencester;Macrinus i;2
Cirencester;Marsus i (Marssus);4
Cirencester;Martius ii;2
Cirencester;Memor;3
Cirencester;Mercator i (Mercatoris)?;6
Cirencester;Modestus i;15
Cirencester;Mommo;4
Cirencester;Montanus i;4
Cirencester;Murranus i;12
Cirencester;Nequres;4
Cirencester;Niger ii;12
Cirencester;Passenus (Passienus);17
Cirencester;Patricius i;15
Cirencester;Ponteius;2
Cirencester;Pontus (Pontius)?;5
Cirencester;Primulus i;2
Cirencester;Rufinus iii;2
Cirencester;Secundus i;2
Cirencester;Senicio;3
Cirencester;Severus iii;18
Cirencester;Silvanus i;2
Cirencester;Tertius iii;5
Cirencester;Verecundus ii;2
Cirencester;Virilis ii;6
Cirencester;Virtus i;4
Cirencester;Vitalis i;7
Cirencester;Vitalis ii;13
Cirencester;Calvus i;12
Cirencester;Secundus ii;10
Cirencester;Felix i;8
Cirencester;Paullus i (Paulus);2
Cirencester;Primus iii;16
Cirencester;Iucundus ii;2
Cirencester;Calus ii;2
Cirencester;Sabinus iii;8
Cirencester;Logirnus;2
Colchester;Flavius Germanus (L. Flavius Germanus);3
Colchester;Germanus i;11
Colchester;Martialis i;8
Colchester;Meddillus (Mesillus);4
Colchester;Abitus (Habitus);8
Colchester;Aemilius i;3
Colchester;Albanus ii;2
Colchester;Albanus ii;7
Colchester;Albinus iii;5
Colchester;Albus i;5
Colchester;Amandus ii;2
Colchester;Aper i;4
Colchester;Aquitanus;29
Colchester;Ardacus ii;9
Colchester;Atica (Athca)?;2
Colchester;Bassus ii;25
Colchester;Bassus ii-Coelus;3
Colchester;Bassus iii;2
Colchester;Bionis (Bio)?;5
Colchester;Bissunus;3
Colchester;Buccio i;2
Colchester;C. Iulius Celer (Cicelr- etc.);2
Colchester;C. Silvius Patricius;6
Colchester;C. Valerius Albanus?;3
Colchester;Cabuca;2
Colchester;Cantirrius (Cantirrus);2
Colchester;Cantus;2
Colchester;Capito i;5
Colchester;Carantus i;2
Colchester;Carus iii;2
Colchester;Censor i;3
Colchester;Chrestus;5
Colchester;Coelus ii;2
Colchester;Cosius Iucundus (A. Co- Iuc-)?;5
Colchester;Cosius Rufinus;10
Colchester;Cotio (Otio)?;2
Colchester;Cotto ii;9
Colchester;Crestio;3
Colchester;Crestio;13
Colchester;Crestus i;15
Colchester;Crispus iii;4
Colchester;Damonus;2
Colchester;Dontio;3
Colchester;Fedotus;2
Colchester;Felicio i;6
Colchester;Firmo ii;6
Colchester;Firmus ii;2
Colchester;Flavius Sabinus;2
Colchester;Florus ii;2
Colchester;Fortis i;2
Colchester;Frontinus;12
Colchester;Fuscus i or ii;2
Colchester;Fuscus ii;6
Colchester;Ingenuus ii;8
Colchester;Iucundus iii;5
Colchester;Iullinus i;5
Colchester;Iustus i;6
Colchester;L. Ter- Secundus;2
Colchester;L. Tr- Masculus;2
Colchester;L. Tr- Masculus;3
Colchester;Labio;8
Colchester;Libertus i;3
Colchester;Lic- Seve- (Licinius Severus)?;2
Colchester;Licinus;2
Colchester;Licinus;35
Colchester;Lucceius i;5
Colchester;Maccarus i;4
Colchester;Maccarus i;6
Colchester;Magnus i;2
Colchester;Manduilus;2
Colchester;Marinus i;5
Colchester;Marsus i (Marssus);5
Colchester;Maso i;3
Colchester;Maternus ii (Mater-)?;2
Colchester;Matugenus ii;4
Colchester;Memor;5
Colchester;Mercator i (Mercatoris)?;6
Colchester;Modestus i;35
Colchester;Moi-;4
Colchester;Mommo;3
Colchester;Mommo;19
Colchester;Mon- i;2
Colchester;Mont- Cres- (Montius Cres);4
Colchester;Montanus i;4
Colchester;Murranus i;42
Colchester;Nequres;5
Colchester;Nestor;8
Colchester;Niger ii;4
Colchester;Niger ii;22
Colchester;Niger ii-And-;3
Colchester;Nitor;2
Colchester;Notus;4
Colchester;Passenus (Passienus);6
Colchester;Passenus (Passienus);49
Colchester;Patricius i;2
Colchester;Patricius i;14
Colchester;Peregrinus i;5
Colchester;Perrus (Perus);5
Colchester;Ponteius;6
Colchester;Pontus (Pontius)?;18
Colchester;Primulus i;9
Colchester;Primus iii-Sco-;3
Colchester;Quartus iii;3
Colchester;Quintio i;7
Colchester;Quintus iii;2
Colchester;Rogatus;2
Colchester;Roppus i;2
Colchester;Rufinus iii;3
Colchester;Rufinus iii;17
Colchester;Rufus iii;8
Colchester;Salvetus i (Salve tu - Salve)?;5
Colchester;Sarrutus;4
Colchester;Scotnus;2
Colchester;Scotnus;14
Colchester;Secundus i;4
Colchester;Secundus i;7
Colchester;Senicio;5
Colchester;Senomant-;2
Colchester;Sentrus i;2
Colchester;Sentrus ii;2
Colchester;Senus i (Senius);4
Colchester;Severus iii;2
Colchester;Severus iii;32
Colchester;Silvanus i;4
Colchester;Silvinus ii;8
Colchester;Sulpicius;5
Colchester;T. Iulius Apa- (T. Iul- Apa-);2
Colchester;Tertius iii;8
Colchester;Tetus (Tetius);3
Colchester;Tusso;2
Colchester;Vanderio (Vaderio or Vanderius or Vanderus);4
Colchester;Verecundus ii;3
Colchester;Virthus;7
Colchester;Virtus i;2
Colchester;Virtus i;9
Colchester;Vitalis i;7
Colchester;Vitalis ii;2
Colchester;Vitalis ii;37
Colchester;Volus;2
Colchester;Calvus i;19
Colchester;Crucuro i;3
Colchester;Secundus i or ii;2
Colchester;Secundus ii;26
Colchester;Avitus ii;2
Colchester;Celadus;4
Colchester;Felix i;14
Colchester;Paullus i (Paulus);10
Colchester;Primus iii;9
Colchester;Primus iii;63
Colchester;Silvius i;4
Colchester;Successus ii (Sucesus);2
Colchester;Iucundus ii;2
Colchester;L. Cosius Virilis;3
Colchester;L. Cosius Virilis;5
Colchester;Masclus i (Masculus);2
Colchester;Masclus i (Masculus);23
Colchester;Sabinus iii;11
Colchester;Manertus;3
Colchester;Logirnus;13
Colchester;Lorus (Lorius);2
Colchester;Paullinus i;2
Corbridge;Flavius Germanus (L. Flavius Germanus);3
Corbridge;Apro (Apro-)?;3
Corbridge;Bionis (Bio)?;2
Corbridge;C. N- Celsus;2
Corbridge;C. Silvius Patricius;4
Corbridge;Censor i;4
Corbridge;Cosius Rufinus;2
Corbridge;Crestus i;6
Corbridge;Frontinus;7
Corbridge;Iucundus iii;2
Corbridge;Iullinus i;2
Corbridge;L. Ter- Secundus;3
Corbridge;Mercator i (Mercatoris)?;3
Corbridge;Montanus i;3
Corbridge;Passenus (Passienus);3
Corbridge;Patricius i;2
Corbridge;Pontus (Pontius)?;3
Corbridge;Primulus i;2
Corbridge;Rufinus iii;3
Corbridge;Rufus iii;3
Corbridge;Sarrutus;3
Corbridge;Severus iii;3
Corbridge;Silvinus ii;3
Corbridge;Sulpicius;3
Corbridge;Virilis ii;3
Corbridge;Vitalis ii;3
Corbridge;Calvus i;13
Corbridge;L. Cosius Virilis;6
Corbridge;Logirnus;3
Dol-y-Gaer;Vitalis ii;2
Doncaster;Iullinus i;2
Doncaster;Calvus i;2
Dorchester, Dorset;Germanus i;5
Dorchester, Dorset;Censor i;2
Dorchester, Dorset;Crestus i;2
Dorchester, Dorset;Firmo ii;2
Dorchester, Dorset;Iullinus i;3
Dorchester, Dorset;Iustus i;2
Dorchester, Dorset;M. Crestio (M- Crestio);2
Dorchester, Dorset;Memor;2
Dorchester, Dorset;Moi-;2
Dorchester, Dorset;Murranus i;2
Dorchester, Dorset;Nequres;2
Dorchester, Dorset;Passenus (Passienus);3
Dorchester, Dorset;Patricius i;3
Dorchester, Dorset;Rufinus iii;2
Dorchester, Dorset;Severus iii;5
Dorchester, Dorset;Verecundus ii;2
Dorchester, Dorset;Virtus i;2
Dorchester, Dorset;Secundus ii;2
Dorchester, Dorset;Masclus i (Masculus);2
Dorchester, Dorset;Sabinus iii;2
Dorchester, Dorset;Logirnus;3
Elginhaugh;Logirnus;2
Ewell;Patricius i;2
Ewell;Vitalis ii;2
Exeter;Germanus i;4
Exeter;Abitus (Habitus);3
Exeter;Aquitanus;8
Exeter;Bassus ii;3
Exeter;Bassus ii-Coelus;3
Exeter;Carbo;2
Exeter;Crestio;4
Exeter;Firmo ii;4
Exeter;Gallicanus ii;2
Exeter;Labio;2
Exeter;Licinus;2
Exeter;Lucceius i;2
Exeter;Modestus i;7
Exeter;Mommo;2
Exeter;Murranus i;7
Exeter;Niger ii;8
Exeter;Primus iii-Sco-;2
Exeter;Rufinus iii;2
Exeter;Rufus iii;2
Exeter;Salvetus i (Salve tu - Salve)?;2
Exeter;Severus iii;7
Exeter;Silvanus i;2
Exeter;Virtus i;3
Exeter;Vitalis i;2
Exeter;Vitalis ii;3
Exeter;Calvus i;3
Exeter;Secundus ii;3
Exeter;Celadus;2
Exeter;Felix i;7
Exeter;Paullus i (Paulus);2
Exeter;Primus iii;8
Exeter;Sabinus iii;4
Fingringhoe Wick;Bassus ii;2
Fingringhoe Wick;Licinus;3
Fingringhoe Wick;Murranus i;2
Fingringhoe Wick;Primus iii;2
Fishbourne;Germanus i;3
Fishbourne;Albanus ii;4
Fishbourne;Bassus ii;3
Fishbourne;Crestio;3
Fishbourne;Crestus i;2
Fishbourne;Damonus;2
Fishbourne;Darra (Darrantus)?;2
Fishbourne;Firmo ii;2
Fishbourne;Iucundus iii;2
Fishbourne;Labio;2
Fishbourne;Libertus i;2
Fishbourne;Licinus;2
Fishbourne;Lupus ii;2
Fishbourne;Memor;2
Fishbourne;Moi-;2
Fishbourne;Mont- Cres- (Montius Cres);2
Fishbourne;Murranus i;3
Fishbourne;Niger ii;13
Fishbourne;Passenus (Passienus);7
Fishbourne;Patricius i;4
Fishbourne;Perrus (Perus);2
Fishbourne;Pontus (Pontius)?;4
Fishbourne;Primulus i;2
Fishbourne;Scotnus;2
Fishbourne;Severus iii;5
Fishbourne;Vitalis i;2
Fishbourne;Vitalis ii;2
Fishbourne;Calvus i;2
Fishbourne;Secundus ii;3
Fishbourne;Felix i;2
Fishbourne;Primus iii;6
Fishbourne;Sabinus iii;2
Fishbourne;Logirnus;3
Folkestone;Passenus (Passienus);2
Gloucester;Germanus i;4
Gloucester;Albanus ii;2
Gloucester;Aquitanus;4
Gloucester;Carillus iii (Carilus);2
Gloucester;Censor i;2
Gloucester;Cosius Rufinus;4
Gloucester;Crestio;2
Gloucester;Crestus i;4
Gloucester;Iucundus iii;2
Gloucester;Licinus;4
Gloucester;Masclinus;2
Gloucester;Memor;2
Gloucester;Modestus i;3
Gloucester;Mommo;3
Gloucester;Montanus i;3
Gloucester;Murranus i;3
Gloucester;Niger ii;2
Gloucester;Passenus (Passienus);16
Gloucester;Patricius i;5
Gloucester;Ponteius;2
Gloucester;Quintio i;2
Gloucester;Severus iii;7
Gloucester;Silvinus ii;2
Gloucester;Sulpicius;4
Gloucester;Verecundus ii;2
Gloucester;Virtus i;2
Gloucester;Vitalis i;2
Gloucester;Vitalis ii;6
Gloucester;Calvus i;3
Gloucester;Secundus ii;5
Gloucester;Felix i;2
Gloucester;Paullus i (Paulus);2
Gloucester;Primus iii;2
Gloucester;Masclus i (Masculus);2
Gloucester;Sabinus iii;6
Gloucester;Logirnus;3
Gorhambury;Censor i;3
Gorhambury;Crestio;2
Gorhambury;Licinus;2
Gorhambury;Manduilus;2
Gorhambury;Patricius i;3
Gorhambury;Severus iii;2
Gorhambury;Vitalis ii;2
Gorhambury;Secundus ii;2
Great Chesterford;Patricius i;2
Great Chesterford;Tertius iii;2
Ham Hill;Licinus;2
Heronbridge;Flavius Germanus (L. Flavius Germanus);2
Heybridge;Crestus i;2
Heybridge;Sulpicius;3
Heybridge;Virthus;2
Heybridge;Calvus i;2
Heybridge;Masclus i (Masculus);2
High Cross;Primus iii;2
Hod Hill;Damonus;2
Holt;Flavius Germanus (L. Flavius Germanus);2
Holt;Censor i;3
Holt;Fuscus ii;2
Holt;Vitalis ii;2
Ilkley;Iucundus iii;2
Ilkley;Calvus i;2
Inchtuthil;Iullinus i;2
Inchtuthil;Patricius i;2
Kelvedon;Modestus i;2
Kettering;C. Silvius Patricius;2
Kettering;Cosius Rufinus;2
Kettering;Frontinus;2
Kettering;M. Crestio (M- Crestio);2
Kettering;Mommo;2
Kettering;Murranus i;2
Kettering;Patricius i;2
Kettering;Ponteius;2
Kettering;Pontus (Pontius)?;2
Kettering;Rufinus iii;2
Kettering;Severus iii;2
Kettering;Vitalis ii;4
Kettering;Calvus i;5
Kettering;L. Cosius Virilis;2
Lancaster;Secundus ii;2
Leicester;Flavius Germanus (L. Flavius Germanus);2
Leicester;Germanus i;9
Leicester;Abitus (Habitus);4
Leicester;Ain-;2
Leicester;Albanus ii;3
Leicester;Aquitanus;4
Leicester;Atica (Athca)?;2
Leicester;Bassus ii;5
Leicester;Bilicatus (Bilicatos);3
Leicester;C. Ex- Albinus;2
Leicester;C. Silvius Patricius;5
Leicester;Carantus i;6
Leicester;Carillus iii (Carilus);3
Leicester;Castus i;2
Leicester;Cat- i;2
Leicester;Celsus ii;2
Leicester;Censor i;10
Leicester;Cosius Iucundus (A. Co- Iuc-)?;3
Leicester;Cosius Rufinus;5
Leicester;Cotio (Otio)?;2
Leicester;Cotto ii;10
Leicester;Crestio;9
Leicester;Crestus i;8
Leicester;Crispus iii;3
Leicester;Dontio;3
Leicester;Firmo ii;4
Leicester;Frontinus;3
Leicester;Iucundus iii;4
Leicester;Iullinus i;2
Leicester;L. Ter- Secundus;2
Leicester;Levius (Levus?);2
Leicester;Libertus i;3
Leicester;Licinus;3
Leicester;Maccarus i;2
Leicester;Manduilus;4
Leicester;Maponus;2
Leicester;Memor;4
Leicester;Mercator i (Mercatoris)?;5
Leicester;Modestus i;4
Leicester;Moi-;3
Leicester;Mommo;2
Leicester;Mona-;2
Leicester;Mont- Cres- (Montius Cres);5
Leicester;Murranus i;3
Leicester;Nequres;2
Leicester;Niger ii;5
Leicester;Passenus (Passienus);13
Leicester;Patricius i;15
Leicester;Paullus iii;2
Leicester;Pontus (Pontius)?;7
Leicester;Primulus i;3
Leicester;Quadratus ii;2
Leicester;Regenus;2
Leicester;Rufinus iii;11
Leicester;Rufus iii;4
Leicester;Severus iii;14
Leicester;Severus iii-Pud(ens)?;2
Leicester;Sextius Can- (Sex- Can-);3
Leicester;Silvinus ii;2
Leicester;Sulpicius;4
Leicester;Verecundus ii;2
Leicester;Virilis ii;4
Leicester;Virtus i;4
Leicester;Vitalis ii;22
Leicester;Vitalis ii-P-;2
Leicester;Calvus i;13
Leicester;Secundus ii;6
Leicester;Felix i;6
Leicester;Primus iii;10
Leicester;L. Cosius Virilis;4
Leicester;Sabinus iii;4
Leicester;Logirnus;8
Leintwardine;Murranus i;2
Lincoln;Crestio;2
Lincoln;Mommo;2
Lincoln;Mont- Cres- (Montius Cres);2
Lincoln;Niger ii;3
Lincoln;Passenus (Passienus);2
Lincoln;Pontus (Pontius)?;2
Lincoln;Secundus i;2
Lincoln;Virilis ii;3
Lincoln;Calvus i;2
Lincoln;Primus iii;4
Lincoln;Sabinus iii;2
Little Chester;C. Silvius Patricius;2
Little Chester;L. Cosius Virilis;2
London;Flavius Germanus (L. Flavius Germanus);11
London;Germanus i;43
London;Martialis i;19
London;Pudens i;8
London;Meddillus (Mesillus);12
London;Abitus (Habitus);12
London;Acco;2
London;Aemilius i;3
London;Albanus ii;46
London;Albinus iii;10
London;Albus i;22
London;Amandus ii;22
London;Aper i;14
London;Apro (Apro-)?;10
London;Aquitanus;53
London;Ardacus ii;25
London;Aucius ii (Aucus or Aucio);10
London;Ave (i) or Avetu or Ave tu or Ave Vale etc.;2
London;Avinius i;3
London;Axo-/Axud-?;5
London;Baccinus i;9
London;Balbus i;2
London;Bassus ii;63
London;Bassus ii-Coelus;16
London;Bassus iii;6
London;Bilicatus (Bilicatos);10
London;Bionis (Bio)?;21
London;Bissunus;7
London;Blaesus ii;3
London;Bollus ii;2
London;C. An- Patr- (Patricius)?;4
London;C. Ex- Albinus;2
London;C. Iulius Celer (Cicelr- etc.);7
London;C. Iulius Primig- (C. Iul- Primic- or G. Iul- Prim- etc.);2
London;C. Iulius Primig- Sur- (C. Iul- Pr- Su- etc.);2
London;C. N- Celsus;5
London;C. Silvius Patricius;25
London;C. Valerius Albanus?;15
London;Cabiatus;7
London;Cabucatus;10
London;Canusinus (Canusinius);3
London;Capitus ii;4
London;Carantus i;12
London;Carbo;12
London;Carillus iii (Carilus);15
London;Castus i;15
London;Castus i-Cant-;7
London;Cat- i;4
London;Celer iii;7
London;Cennatus;2
London;Censor i;43
London;Chrestus;3
London;Cina (Cina-);2
London;Cl- Gemma (Claudius Gemma)?;2
London;Cocus i;2
London;Coelus ii;5
London;Com-;2
London;Compissia-;5
London;Copiro;2
London;Corius;2
London;Cosiu Urap- (Cosius Urappus);3
London;Cosius Iucundus (A. Co- Iuc-)?;24
London;Cosius Rufinus;48
London;Cotio (Otio)?;4
London;Cotto ii;37
London;Crestio;79
London;Crestus i;48
London;Crispus iii;6
London;Cus- i;4
London;Damonus;10
London;Dontio;33
London;Evanus?;8
London;Fabus i;3
London;Fedotus;2
London;Felicio i;17
London;Felix i-Sev-;8
London;Firmo i;7
London;Firmo ii;13
London;Firmus ii;6
London;Flavius Sabinus;6
London;Florus ii;4
London;Frontinus;82
London;Fuscus i or ii;4
London;Fuscus ii;7
London;G. Salarius Aptus;2
London;Gaius i;3
London;Gaius i-Iul-?;4
London;Galbinus;9
London;Gallicanus ii;15
London;Gallus ii;7
London;Genialis i;2
London;Germanus i- And-;2
London;Homobon(us)?;4
London;Iabus?;3
London;Ianua- i;3
London;Ingenuus ii;20
London;Iucundus iii;46
London;Iulius ii;7
London;Iullinus i;26
London;Iunius i;2
London;Iustus i;14
London;L. Iulius Senex;2
London;L. S- Sabinus;6
London;L. Tr- Masculus;20
London;Labio;27
London;Laurus;2
London;Legitumus;9
London;Lentu-;4
London;Libertus i;12
London;Lic- Seve- (Licinius Severus)?;2
London;Licinus;62
London;Licinus-Va-;2
London;Lucceius i;11
London;Lupus ii;7
London;M- ii;4
London;M. Crestio (M- Crestio);7
London;Mabio;3
London;Maccarus i;32
London;Macer i;6
London;Magnus i;4
London;Mai- ii;3
London;Manduilus;23
London;Mansuetus i (Masuetus);3
London;Maponus;3
London;Marcus i;2
London;Marinus i;6
London;Marsus i (Marssus);14
London;Martius ii;7
London;Mas- ii;2
London;Masclinus;4
London;Masclus i-Balbus (Masclius Balbus);6
London;Maso i;2
London;Maternus i (Mate-)?;8
London;Maternus ii (Mater-)?;4
London;Matugenus ii;16
London;Memor;29
London;Mercator i (Mercatoris)?;23
London;Modestus i;109
London;Moi-;20
London;Mommo;70
London;Mon- i;2
London;Mont- Cres- (Montius Cres);27
London;Montanus i;20
London;Mur- Ter-;3
London;Murranus i;116
London;Nequres;27
London;Nestor;6
London;Nicius i;2
London;Niger ii;150
London;Niger ii-And-;9
London;Nomus i;2
London;Onc-Pa-;4
London;Passenus (Passienus);187
London;Pastor i;2
London;Pastor i-Ce-;2
London;Paternus i;2
London;Patricius i;149
London;Paullus iii;3
London;Peregrinus i;9
London;Perrus (Perus);26
London;Piperus;2
London;Polio ii (Pollio);5
London;Ponei- (Pone-);5
London;Ponteius;33
London;Pontus (Pontius)?;68
London;Potitus i;6
London;Primulus i;44
London;Primus iii-Pater;7
London;Primus iii-Sco-;7
London;Pudens ii;10
London;Pugnus i;3
London;Quartus iii;11
London;Quintanus;3
London;Quintio i;14
London;Quintus iii;4
London;Regenus;3
London;Ronicus;2
London;Roppus i;9
London;Rufinus iii;94
London;Rufus ii;3
London;Rufus iii;24
London;Rutaenus;9
London;Rutenus ii;2
London;S- Verius (Sex. Verius)?;17
London;Sabinus iv;3
London;Salvetus i (Salve tu - Salve)?;4
London;Sarrutus;9
London;Scotnus;14
London;Scottius i;2
London;Secundinus i;5
London;Secundus i;22
London;Senecio;3
London;Senicio;28
London;Senomant-;2
London;Sentrus ii;3
London;Senus i (Senius);2
London;Severus iii;152
London;Severus iii-Pud(ens)?;4
London;Sex. Iulius Iucundus;3
London;Sextius Can- (Sex- Can-);3
London;Silvanus i;15
London;Silvinus i;2
London;Silvinus ii;22
London;Sulpicius;24
London;Tabius Virtus (Tabus-Virtus or Tabus-Virutis)?;13
London;Tertius iii;14
London;Tertius iii-G-;2
London;Tetlonis (Tetlo);3
London;Tetus (Tetius);2
London;Tusso;3
London;Urituarus;2
London;Va- Va- (Vava-)?;5
London;Vanderio (Vaderio or Vanderius or Vanderus);9
London;Vapuso (Vapusus);3
London;Vassilius (Vassilus);3
London;Vegetus i;4
London;Verecundus ii;19
London;Vimus (Vimius);2
London;Virilis ii;47
London;Virthus;24
London;Virtus i;29
London;Vitalis i;26
London;Vitalis ii;118
London;Calvus i;123
London;Crucuro i;4
London;Secundus i or ii;7
London;Secundus ii;81
London;Avitus ii;11
London;Celadus;16
London;Elvinus;5
London;Felix i;88
London;L. N- Sabinus;2
London;Paullus i (Paulus);13
London;Primus iii;147
London;Silvius i;16
London;Successus ii (Sucesus);3
London;Iucundus ii;10
London;L. Cosius Virilis;23
London;Calus ii;4
London;Reginus i;2
London;Masclus i (Masculus);64
London;Acutus i;5
London;Sabinus iii;54
London;Manertus;7
London;Logirnus;44
London;Ca- i;2
London;Gra-;3
London;Inea?;3
London;Laetinus;2
London;Lorus (Lorius);4
London;Montius (Montus)?;6
London;Paltinus;2
London;Primanus ii;2
London;T. Calixa (T Caexa or T. C- Aexa)?;3
London;Tettus;4
London;Vaxius?;11
London;Vicarus ii;2
London;Vo- i;5
Loughor;Albanus ii;2
Loughor;Montanus i;2
Loughor;Vitalis ii;4
Lower Machen;Iucundus iii;2
Maidstone;Licinus;2
Maidstone;Passenus (Passienus);2
Maidstone;Secundus i or ii;2
Malton;Vitalis ii;3
Malton;Secundus ii;2
Mancetter;Aquitanus;3
Mancetter;Ardacus ii;2
Mancetter;Carillus iii (Carilus);2
Mancetter;Labio;2
Mancetter;Licinus;5
Mancetter;Passenus (Passienus);2
Mancetter;Vanderio (Vaderio or Vanderius or Vanderus);2
Mancetter;Felix i;2
Mancetter;Primus iii;2
Mancetter;Masclus i (Masculus);3
Manchester;Secundinus i;3
Manchester;Calvus i;4
Manchester;L. Cosius Virilis;2
Margidunum;Patricius i;2
Margidunum;Rufinus iii;2
Margidunum;Vitalis ii;2
Margidunum;Calvus i;2
Newstead;Cotto ii;2
Newstead;Frontinus;3
Newstead;Iucundus iii;2
Newstead;Vitalis ii;7
Newstead;Calvus i;3
Newstead;Secundus ii;2
Newstead;Sabinus iii;2
Northchurch;Niger ii;2
Northchurch;Passenus (Passienus);2
Northchurch;Felix i;2
Northwich;Germanus i;2
Old Winteringham;Murranus i;2
Old Winteringham;Passenus (Passienus);2
Owslebury;Damonus;2
Pakenham;Crestio;2
Pakenham;Passenus (Passienus);2
Pakenham;Rufinus iii;3
Pakenham;Severus iii;2
Pakenham;Vitalis ii;2
Pakenham;Masclus i (Masculus);2
Poundbury;Severus iii;2
Ribchester;C. Valerius Albanus?;2
Ribchester;Censor i;3
Ribchester;Coelus ii;2
Ribchester;Frontinus;4
Ribchester;Iucundus iii;2
Ribchester;Patricius i;4
Ribchester;Peregrinus i;2
Ribchester;Severus iii;2
Ribchester;Calvus i;3
Ribchester;L. Cosius Virilis;5
Ribchester;Sabinus iii;2
Richborough;Germanus i;15
Richborough;Martialis i;4
Richborough;Aemilius i;2
Richborough;Albanus ii;7
Richborough;Albus i;2
Richborough;Amandus ii;2
Richborough;Aper i;2
Richborough;Apro (Apro-)?;4
Richborough;Aquitanus;20
Richborough;Ardacus ii;6
Richborough;Balbus i;2
Richborough;Bassus ii;14
Richborough;Bassus ii-Coelus;4
Richborough;Buccio i;3
Richborough;C. Iulius Celer (Cicelr- etc.);2
Richborough;C. N- Celsus;5
Richborough;C. Silvius Patricius;9
Richborough;C. Valerius Albanus?;6
Richborough;Cabiatus;3
Richborough;Calvica- (Calvica);2
Richborough;Calvinus i;2
Richborough;Capito i;2
Richborough;Carantus i;5
Richborough;Castus i;3
Richborough;Castus i-Cant-;2
Richborough;Celer iii;3
Richborough;Censor i;10
Richborough;Cl- Gemma (Claudius Gemma)?;2
Richborough;Coelus ii;2
Richborough;Cosiu Urap- (Cosius Urappus);2
Richborough;Cosius Rufinus;7
Richborough;Cotto ii;3
Richborough;Crestio;10
Richborough;Crestus i;5
Richborough;Crispus iii;2
Richborough;Dontio;2
Richborough;Felicio i;2
Richborough;Firmo ii;8
Richborough;Firmus ii;2
Richborough;Florus ii;2
Richborough;Frontinus;13
Richborough;Gallus ii;3
Richborough;Ianua- i;2
Richborough;Ingenuus ii;5
Richborough;Iucundus iii;7
Richborough;Iullinus i;5
Richborough;Iustus i;4
Richborough;L. S- Sabinus;2
Richborough;Labio;2
Richborough;Licinus;24
Richborough;Lupus ii;3
Richborough;Maccarus i;8
Richborough;Mai- ii;2
Richborough;Manduilus;2
Richborough;Mansuetus i (Masuetus);2
Richborough;Maponus;2
Richborough;Marsus i (Marssus);3
Richborough;Masclus i-Balbus (Masclius Balbus);2
Richborough;Maternus ii (Mater-)?;2
Richborough;Matugenus ii;4
Richborough;Memor;6
Richborough;Mercator i (Mercatoris)?;6
Richborough;Modestus i;16
Richborough;Moi-;3
Richborough;Mommo;15
Richborough;Mont- Cres- (Montius Cres);5
Richborough;Montanus i;2
Richborough;Murranus i;20
Richborough;Niger ii;24
Richborough;Onuc-?;2
Richborough;Passenus (Passienus);25
Richborough;Pastor i-Ce-;2
Richborough;Patricius i;22
Richborough;Peregrinus i;2
Richborough;Perrus (Perus);2
Richborough;Ponteius;3
Richborough;Pontus (Pontius)?;6
Richborough;Primulus i;4
Richborough;Primus iii-Pater;2
Richborough;Pudens ii;2
Richborough;Quintio i;2
Richborough;Regenus;2
Richborough;Roppus i;4
Richborough;Rufinus iii;16
Richborough;Rufus iii;3
Richborough;Rutaenus;2
Richborough;S- Verius (Sex. Verius)?;2
Richborough;Sarrutus;2
Richborough;Scotnus;3
Richborough;Scottius i;2
Richborough;Secundus i;6
Richborough;Senicio;8
Richborough;Sentrus ii;2
Richborough;Severus iii;26
Richborough;Silvinus ii;7
Richborough;Sulpicius;5
Richborough;Tertius iii;3
Richborough;Verecundus ii;2
Richborough;Virilis ii;12
Richborough;Virtus i;4
Richborough;Vitalis i;7
Richborough;Vitalis ii;31
Richborough;Calvus i;25
Richborough;Crucuro i;2
Richborough;Secundus ii;16
Richborough;Felix i;10
Richborough;Paullus i (Paulus);4
Richborough;Primus iii;33
Richborough;Silvius i;3
Richborough;Iucundus ii;3
Richborough;L. Cosius Virilis;8
Richborough;Masclus i (Masculus);10
Richborough;Florus iv;2
Richborough;Sabinus iii;12
Richborough;Logirnus;9
Rocester;Carantus i;2
Rocester;Censor i;5
Rocester;Iullinus i;4
Rocester;L. Ter- Secundus;3
Rocester;Mercator i (Mercatoris)?;3
Rocester;Murranus i;3
Rocester;Vitalis ii;3
Rochester;Frontinus;2
Rochester;Vitalis ii;2
Sandwich;Severus iii;2
Sandy;Modestus i;3
Sandy;Ponteius;2
Sandy;Severus iii;2
Scole;Passenus (Passienus);2
Scole;Patricius i;2
Sea Mills;Matugenus ii;2
Sea Mills;Calvus i;2
Sea Mills;Primus iii;3
Silchester;Germanus i;4
Silchester;Martialis i;3
Silchester;Abitus (Habitus);2
Silchester;Albinus iii;3
Silchester;Albus i;3
Silchester;Anextlatus;3
Silchester;Aquitanus;7
Silchester;Ardacus ii;5
Silchester;Bassus ii;2
Silchester;Bollus ii;2
Silchester;Capito i;2
Silchester;Carantus i;2
Silchester;Castus i;2
Silchester;Censor i;5
Silchester;Coelus ii;2
Silchester;Cosius Rufinus;4
Silchester;Crestio;7
Silchester;Crestus i;5
Silchester;Damonus;5
Silchester;Frontinus;2
Silchester;Ingenuus ii;2
Silchester;Iucundus iii;4
Silchester;Iullinus i;2
Silchester;Iustus i;2
Silchester;Labio;3
Silchester;Licinus;16
Silchester;Maccarus i;5
Silchester;Marsus i (Marssus);2
Silchester;Memor;3
Silchester;Mercator i (Mercatoris)?;3
Silchester;Modestus i;7
Silchester;Mommo;3
Silchester;Mont- Cres- (Montius Cres);2
Silchester;Nequres;2
Silchester;Niger ii;9
Silchester;Passenus (Passienus);11
Silchester;Patricius i;19
Silchester;Peregrinus i;3
Silchester;Perrus (Perus);2
Silchester;Pontus (Pontius)?;2
Silchester;Rufinus iii;3
Silchester;Rufus iii;2
Silchester;Scottius i;9
Silchester;Senicio;2
Silchester;Severus iii;13
Silchester;Silvanus i;6
Silchester;Tertius iii;2
Silchester;Virilis ii;2
Silchester;Virtus i;2
Silchester;Vitalis ii;6
Silchester;Calvus i;4
Silchester;Secundus ii;2
Silchester;Felix i;7
Silchester;Paullus i (Paulus);3
Silchester;Primus iii;13
Silchester;L. Cosius Virilis;2
Silchester;Masclus i (Masculus);4
Silchester;Acutus i;9
Silchester;Sabinus iii;6
Silchester;Logirnus;6
Southampton;Niger ii;2
Southampton;Sabinus iii;2
Southwark;Germanus i;3
Southwark;Martialis i;2
Southwark;Abitus (Habitus);2
Southwark;Albanus ii;8
Southwark;Albinus iii;2
Southwark;Aquitanus;5
Southwark;Bassus ii;6
Southwark;Bionis (Bio)?;3
Southwark;C. Silvius Patricius;2
Southwark;Censor i;4
Southwark;Cotto ii;2
Southwark;Crestio;4
Southwark;Crestus i;4
Southwark;Dontio;2
Southwark;Firmo ii;3
Southwark;Florus ii;2
Southwark;Frontinus;3
Southwark;Iucundus iii;3
Southwark;Licinus;8
Southwark;Maccarus i;3
Southwark;Martius ii;3
Southwark;Matugenus ii;2
Southwark;Memor;2
Southwark;Modestus i;8
Southwark;Mommo;8
Southwark;Montanus i;2
Southwark;Murranus i;7
Southwark;Niger ii;14
Southwark;Notus;2
Southwark;Passenus (Passienus);15
Southwark;Patricius i;11
Southwark;Perrus (Perus);2
Southwark;Ponteius;3
Southwark;Pontus (Pontius)?;2
Southwark;Quartus iii;3
Southwark;Rufinus iii;4
Southwark;Rufus iii;2
Southwark;Scotnus;2
Southwark;Senicio;2
Southwark;Severus iii;9
Southwark;Silvinus ii;2
Southwark;Sulpicius;2
Southwark;Tabius Virtus (Tabus-Virtus or Tabus-Virutis)?;2
Southwark;Verecundus ii;2
Southwark;Virilis ii;2
Southwark;Virthus;2
Southwark;Vitalis i;3
Southwark;Vitalis ii;2
Southwark;Calvus i;6
Southwark;Secundus ii;2
Southwark;Felix i;8
Southwark;Paullus i (Paulus);3
Southwark;Primus iii;6
Southwark;Masclus i (Masculus);8
Southwark;Sabinus iii;2
Southwark;Logirnus;2
Springhead;Germanus i;3
Springhead;Albus i;2
Springhead;Ardacus ii;2
Springhead;Cosius Iucundus (A. Co- Iuc-)?;2
Springhead;Cotto ii;3
Springhead;Frontinus;4
Springhead;Matugenus ii;2
Springhead;Modestus i;5
Springhead;Niger ii;2
Springhead;Passenus (Passienus);3
Springhead;Patricius i;2
Springhead;Peregrinus i;3
Springhead;Ponteius;2
Springhead;Pontus (Pontius)?;2
Springhead;Rufinus iii;3
Springhead;Rufus iii;2
Springhead;Severus iii;3
Springhead;Vitalis ii;4
Springhead;Calvus i;2
Springhead;Felix i;4
Springhead;Primus iii;7
Springhead;Masclus i (Masculus);3
Staines;Niger ii;2
Staines;Passenus (Passienus);2
Staines;Rufinus iii;2
Staines;Severus iii;2
Staines;Calvus i;3
Stanfordbury;Cocus i;2
Templeborough;Vitalis ii;2
Tiddington;Passenus (Passienus);2
Tiverton;Niger ii;2
Towcester;Ponteius;2
Towcester;Sabinus iii;2
Usk;Amandus ii;4
Usk;Aquitanus;4
Usk;Bassus ii-Coelus;2
Usk;Crestio;2
Usk;Firmo ii;4
Usk;Licinus;5
Usk;Lupus ii;2
Usk;Magnus i;2
Usk;Modestus i;7
Usk;Mommo;5
Usk;Murranus i;5
Usk;Nestor;2
Usk;Niger ii;11
Usk;Passenus (Passienus);11
Usk;Perrus (Perus);2
Usk;Rutaenus;3
Usk;Secundus i;2
Usk;Vitalis i;2
Usk;Felix i;17
Usk;Primus iii;5
Usk;Masclus i (Masculus);4
Usk;Sabinus iii;5
Usk;Logirnus;3
Verulamium;Flavius Germanus (L. Flavius Germanus);4
Verulamium;Germanus i;6
Verulamium;Meddillus (Mesillus);3
Verulamium;Albanus ii;3
Verulamium;Albus i;3
Verulamium;Aquitanus;4
Verulamium;Ardacus ii;3
Verulamium;Bassus ii;6
Verulamium;Bassus ii-Coelus;2
Verulamium;Bionis (Bio)?;3
Verulamium;C. Silvius Patricius;2
Verulamium;Censor i;4
Verulamium;Coelus ii;2
Verulamium;Cosius Iucundus (A. Co- Iuc-)?;2
Verulamium;Cosius Rufinus;3
Verulamium;Cotto ii;3
Verulamium;Crestio;8
Verulamium;Crestus i;6
Verulamium;Firmo i;2
Verulamium;Frontinus;2
Verulamium;Ingenuus ii;2
Verulamium;Iucundus iii;4
Verulamium;Licinus;5
Verulamium;Mabio;2
Verulamium;Maccarus i;3
Verulamium;Matugenus ii;2
Verulamium;Memor;6
Verulamium;Modestus i;6
Verulamium;Mommo;5
Verulamium;Mont- Cres- (Montius Cres);2
Verulamium;Montanus i;2
Verulamium;Murranus i;8
Verulamium;Niger ii;12
Verulamium;Passenus (Passienus);8
Verulamium;Patricius i;13
Verulamium;Peregrinus i;2
Verulamium;Ponteius;2
Verulamium;Pontus (Pontius)?;4
Verulamium;Primulus i;3
Verulamium;Rufinus iii;9
Verulamium;Rufus iii;2
Verulamium;Severus iii;18
Verulamium;Sulpicius;3
Verulamium;Virilis ii;4
Verulamium;Virthus;4
Verulamium;Vitalis i;2
Verulamium;Vitalis ii;5
Verulamium;Calvus i;7
Verulamium;Secundus ii;3
Verulamium;Felix i;3
Verulamium;Primus iii;19
Verulamium;L. Cosius Virilis;3
Verulamium;Masclus i (Masculus);3
Verulamium;Sabinus iii;5
Verulamium;Logirnus;4
Verulamium;Nivius?;2
Verulamium;Vaxius?;2
Waddon Hill;Licinus;2
Waddon Hill;Paestor;2
Wall;Bionis (Bio)?;2
Wall;Modestus i;2
Wall;Primus iii;2
Wanborough, Wiltshire;Aquitanus;2
Wanborough, Wiltshire;Censor i;2
Wanborough, Wiltshire;Cotto ii;2
Wanborough, Wiltshire;Niger ii;5
Wanborough, Wiltshire;Passenus (Passienus);4
Wanborough, Wiltshire;Severus iii;5
Wanborough, Wiltshire;Germanus i;4
Wanborough, Wiltshire;Murranus i;2
Wanborough, Wiltshire;Patricius i;3
Wanborough, Wiltshire;Pontus (Pontius)?;2
Wanborough, Wiltshire;Sulpicius;2
Wanborough, Wiltshire;Secundus ii;3
Wanborough, Wiltshire;Primus iii;3
Wanborough, Wiltshire;Sabinus iii;2
Welwyn;Frontinus;3
West Tilbury;Bassus ii;3
West Tilbury;Frontinus;3
West Tilbury;Niger ii;2
West Tilbury;Calvus i;3
West Tilbury;Primus iii;3
White Notley;Calvus i;2
Wilcote;Virtus i;2
Wilderspool;Germanus i;3
Wilderspool;Crestus i;3
Wilderspool;L. Ter- Secundus;2
Wilderspool;L. Tr- Masculus;3
Wilderspool;Maternus ii (Mater-)?;3
Wilderspool;Virilis ii;2
Wilderspool;Calvus i;2
Wilderspool;L. Cosius Virilis;6
Wimborne;Aquitanus;5
Wimborne;Licinus;3
Wimborne;Maccarus i;2
Wimborne;Modestus i;2
Wimborne;Murranus i;2
Wimborne;Perrus (Perus);2
Wimborne;Primus iii;2
Winchester;Ardacus ii;2
Winchester;Carillus iii (Carilus);2
Winchester;Censor i;2
Winchester;Cosius Rufinus;3
Winchester;Cotto ii;2
Winchester;Crestus i;2
Winchester;Dontio;3
Winchester;Iucundus iii;3
Winchester;Iullinus i;3
Winchester;Licinus;3
Winchester;Mommo;3
Winchester;Murranus i;2
Winchester;Passenus (Passienus);3
Winchester;Patricius i;2
Winchester;Severus iii;4
Winchester;Vitalis ii;3
Winchester;Calvus i;5
Winchester;Primus iii;4
Winchester;Sabinus iii;2
Winchester;Logirnus;4
Winnall;Niger ii;3
Worcester;Secundus i;2
Worcester;Severus iii;2
Wroxeter;Flavius Germanus (L. Flavius Germanus);2
Wroxeter;Germanus i;5
Wroxeter;Martialis i;2
Wroxeter;Meddillus (Mesillus);4
Wroxeter;Albanus ii;4
Wroxeter;Albus i;2
Wroxeter;Amandus ii;3
Wroxeter;Aquitanus;3
Wroxeter;Ardacus ii;3
Wroxeter;Bassus ii;2
Wroxeter;Bassus iii;3
Wroxeter;Bionis (Bio)?;2
Wroxeter;C. N- Celsus;2
Wroxeter;C. Silvius Patricius;4
Wroxeter;Carantus i;2
Wroxeter;Carbo;4
Wroxeter;Carus iii;2
Wroxeter;Ce- i;2
Wroxeter;Censor i;5
Wroxeter;Cosius Iucundus (A. Co- Iuc-)?;3
Wroxeter;Cosius Rufinus;7
Wroxeter;Cotto ii;4
Wroxeter;Crestio;5
Wroxeter;Crestus i;9
Wroxeter;Damonus;2
Wroxeter;Fabus i;5
Wroxeter;Firmo ii;2
Wroxeter;Frontinus;8
Wroxeter;Iucundus iii;4
Wroxeter;Iulius ii;2
Wroxeter;Iullinus i;3
Wroxeter;Lentu-;2
Wroxeter;Licinus;2
Wroxeter;Lupus ii;3
Wroxeter;Macer i;3
Wroxeter;Manduilus;3
Wroxeter;Memor;4
Wroxeter;Mercator i (Mercatoris)?;4
Wroxeter;Modestus i;7
Wroxeter;Moi-;3
Wroxeter;Mommo;7
Wroxeter;Montanus i;3
Wroxeter;Murranus i;7
Wroxeter;Nequres;3
Wroxeter;Niger ii;13
Wroxeter;Passenus (Passienus);12
Wroxeter;Patricius i;7
Wroxeter;Peregrinus i;2
Wroxeter;Ponteius;2
Wroxeter;Pontus (Pontius)?;2
Wroxeter;Primulus i;2
Wroxeter;Pudens ii;2
Wroxeter;Quartus iii;2
Wroxeter;Quintio i;2
Wroxeter;Rufinus iii;11
Wroxeter;Secundinus i;3
Wroxeter;Secundus i;2
Wroxeter;Severus iii;8
Wroxeter;Silvinus i;2
Wroxeter;Silvinus ii;2
Wroxeter;Sulpicius;3
Wroxeter;Vanderio (Vaderio or Vanderius or Vanderus);3
Wroxeter;Virilis ii;3
Wroxeter;Virthus;3
Wroxeter;Virtus i;2
Wroxeter;Vitalis i;2
Wroxeter;Vitalis ii;23
Wroxeter;Calvus i;12
Wroxeter;Secundus ii;8
Wroxeter;Felix i;4
Wroxeter;Primus iii;15
Wroxeter;L. Cosius Virilis;2
Wroxeter;Sabinus iii;10
Wroxeter;Logirnus;6
Wroxeter;Vaxius?;2
Wycombe;Primus iii;2
York;Flavius Germanus (L. Flavius Germanus);3
York;Germanus i;7
York;Meddillus (Mesillus);3
York;Albanus ii;3
York;Albus i;3
York;Carantus i;2
York;Censor i;8
York;Coelus ii;6
York;Cosius Rufinus;4
York;Cotto ii;5
York;Crestio;4
York;Crestus i;10
York;Crucus (Crucius);2
York;Frontinus;5
York;Fuscus ii;5
York;Gallicanus ii;2
York;Iucundus iii;2
York;Iullinus i;3
York;L. Ter- Secundus;2
York;L. Tr- Masculus;3
York;Labio;3
York;Maternus ii (Mater-)?;2
York;Memor;3
York;Mercator i (Mercatoris)?;4
York;Modestus i;2
York;Mommo;3
York;Mont- Cres- (Montius Cres);4
York;Montanus i;2
York;Niger ii;4
York;Passenus (Passienus);7
York;Patricius i;14
York;Paullus iii;2
York;Peregrinus i;5
York;Perrus (Perus);2
York;Ponteius;5
York;Pontus (Pontius)?;9
York;Primulus i;3
York;Quintio i;2
York;Ronicus;2
York;Rufinus iii;12
York;Rufus iii;7
York;Severus iii;8
York;Sextius Can- (Sex- Can-);2
York;Silvinus ii;2
York;Sulpicius;3
York;Verecundus ii;2
York;Virilis ii;5
York;Virtus i;4
York;Vitalis ii;8
York;Calvus i;16
York;Secundus ii;13
York;Felix i;3
York;Primus iii;6
York;L. Cosius Virilis;14
York;Masclus i (Masculus);3
York;Sabinus iii;7
York;Logirnus;2
