Aislingen;Germanus i;2
Aislingen;Aquitanus;12
Aislingen;Bassus ii;12
Aislingen;Bassus ii-Coelus;4
Aislingen;Cabuca;2
Aislingen;Cantus;5
Aislingen;Castus i;2
Aislingen;Crestio;2
Aislingen;Ingenuus ii;2
Aislingen;Labio;2
Aislingen;Maccarus i;2
Aislingen;Memor;2
Aislingen;Mommo;2
Aislingen;Passenus (Passienus);6
Aislingen;Primulus i;2
Aislingen;Salvetus i (Salve tu - Salve)?;3
Aislingen;Scottius i;3
Aislingen;Secundus i;4
Aislingen;Senicio;5
Aislingen;Severus iii;2
Aislingen;Vapuso (Vapusus);2
Aislingen;Vitalis i;2
Aislingen;Avitus ii;2
Aislingen;Paullus i (Paulus);2
Aislingen;Primus iii;5
Aislingen;Silvius i;2
Aislingen;Sabinus iii;2
Alcester;Dontio;2
Alcester;Iullinus i;2
Alcester;Modestus i;3
Alcester;Passenus (Passienus);5
Alcester;Primus iii;3
Alcester;Logirnus;3
Alchester;Licinus;2
Alchester;Patricius i;2
Alchester;L. Cosius Virilis;2
Alphen aan den Rijn;Vitalis ii;2
Andernach;Maccarus i;2
Andernach;Modestus i;2
Andernach;Moi-;2
Andernach;Passenus (Passienus);2
Arentsburg;Memor;3
Arentsburg;Virilis ii;4
Arlesey;Mont- Cres- (Montius Cres);2
Arlesey;Passenus (Passienus);2
Arlesey;Rutaenus;2
Arlesey;Felix i;2
Arnsburg;Flavius Germanus (L. Flavius Germanus);2
Arnsburg;Patricius i;2
Arnsburg;Vitalis ii;2
Ashwell;Germanus i;3
Augsburg;Germanus i;7
Augsburg;Aquitanus;5
Augsburg;C. Iulius Primig- (C. Iul- Primic- or G. Iul- Prim- etc.);2
Augsburg;C. Iulius Primig- Sur- (C. Iul- Pr- Su- etc.);2
Augsburg;Carillus iii (Carilus);2
Augsburg;Carus ii;2
Augsburg;Censor i;2
Augsburg;Crestus i;2
Augsburg;Frontinus;3
Augsburg;Iucundus iii;2
Augsburg;Iullinus i;2
Augsburg;Maccarus i;2
Augsburg;Maccarus ii;2
Augsburg;Modestus i;3
Augsburg;Mommo;2
Augsburg;Passenus (Passienus);2
Augsburg;Rogatus;2
Augsburg;Scottius i;3
Augsburg;Senomant-;2
Augsburg;Severus iii;2
Augsburg;Virilis ii;2
Augsburg;Vitalis ii;2
Augsburg;Calvus i;2
Augsburg;Primus iii;2
Augsburg;L. Cosius Virilis;3
Bad Cannstatt;Flavius Germanus (L. Flavius Germanus);2
Bad Cannstatt;C. Iulius Primig- (C. Iul- Primic- or G. Iul- Prim- etc.);2
Bad Cannstatt;Celsus ii;2
Bad Cannstatt;Crestus i;2
Bad Cannstatt;Frontinus;2
Bad Cannstatt;Fuscus ii;5
Bad Cannstatt;Passenus (Passienus);2
Bad Cannstatt;Secundinus i;2
Bad Cannstatt;Severus iii;7
Bad Cannstatt;Vitalis ii;3
Bad Cannstatt;Calvus i;2
Bad Cannstatt;Avitus ii;2
Bad Cannstatt;L. Cosius Virilis;7
Bad Cannstatt;Sabinus iii;2
Baden-Baden;Germanus i;3
Baden-Baden;Albanus ii;2
Baden-Baden;C. Silvius Patricius;5
Baden-Baden;Mercator i (Mercatoris)?;2
Baden-Baden;Mommo;2
Baden-Baden;Mon- i;2
Baden-Baden;Passenus (Passienus);3
Baden-Baden;Patricius i;5
Baden-Baden;Peregrinus i;2
Baden-Baden;Rufinus iii;2
Baden-Baden;Severus iii;5
Baden-Baden;Sulpicius;3
Baden-Baden;T. Iulius Aplastus;2
Baden-Baden;Virilis ii;3
Baden-Baden;Vitalis ii;6
Baden-Baden;Calvus i;3
Baden-Baden;Secundus ii;2
Baden-Baden;L. Cosius Virilis;4
Badenheim;Maccarus i;3
Baginton;Murranus i;2
Baginton;Niger ii;5
Baginton;Passenus (Passienus);5
Baginton;Felix i;3
Baginton;Primus iii;2
Baldock;Germanus i;2
Baldock;Carbo;2
Baldock;Crestio;5
Baldock;Iustus i;2
Baldock;Licinus;6
Baldock;Modestus i;2
Baldock;Mommo;2
Baldock;Niger ii;2
Baldock;Passenus (Passienus);3
Baldock;Patricius i;4
Baldock;Rufinus iii;2
Baldock;Felix i;4
Baldock;Primus iii;5
Baldock;Sabinus iii;3
Bartlow;L. Cosius Virilis;2
Bath;Germanus i;4
Bath;Censor i;2
Bath;Crestus i;2
Bath;Crispus iii;2
Bath;Licinus;2
Bath;Modestus i;2
Bath;Niger ii;6
Bath;Passenus (Passienus);4
Bath;Ponei- (Pone-);2
Bath;Primulus i;2
Bath;Rufus iii;3
Bath;Vitalis ii;2
Bath;Felix i;2
Bath;Primus iii;3
Bayford;Mommo;2
Bickenbach;Crestus i;2
Bickenbach;Vitalis ii;2
Billericay;Murranus i;2
Billig;Vitalis ii;2
Binchester;C. Silvius Patricius;2
Binchester;Censor i;2
Binchester;Crestus i;3
Binchester;Iucundus iii;2
Binchester;Patricius i;2
Binchester;Calvus i;2
Bingen;Bassus ii;3
Bingen;Cantus;4
Bingen;Crestio;2
Bingen;Dontio;2
Bingen;Ingenuus ii;2
Bingen;Labio;2
Bingen;Licinus;2
Bingen;Passenus (Passienus);2
Bingen;Paullus i (Paulus);2
Bingen;Masclus i (Masculus);2
Bonn;Flavius Germanus (L. Flavius Germanus);12
Bonn;Germanus i;14
Bonn;Martialis i;4
Bonn;Primus i;2
Bonn;Aemilius i;2
Bonn;Albanus ii;3
Bonn;Albinus iii;4
Bonn;Albus i;6
Bonn;Amandus ii;2
Bonn;Aper i;2
Bonn;Aquitanus;14
Bonn;Ardacus ii;4
Bonn;Ardanus;3
Bonn;Bassinus i;2
Bonn;Bassus ii;28
Bonn;Bassus ii-Coelus;3
Bonn;Bassus iii;3
Bonn;Bilicatus (Bilicatos);4
Bonn;Bionis (Bio)?;7
Bonn;C. Iulius Vas- (C. Iul- Vas-);3
Bonn;C. N- Celsus;2
Bonn;C. Silvius Patricius;2
Bonn;Cantus;3
Bonn;Capito i;2
Bonn;Castus i;6
Bonn;Celsus ii;2
Bonn;Censor i;13
Bonn;Coelus ii;4
Bonn;Cosius Rufinus;2
Bonn;Cotto ii;5
Bonn;Crestio;7
Bonn;Crestus i;11
Bonn;Crispus iii;6
Bonn;Damonus;3
Bonn;Darra (Darrantus)?;4
Bonn;Dontio;6
Bonn;Felicio ii;2
Bonn;Felix i-Sev-;2
Bonn;Firmo ii;3
Bonn;Frontinus;17
Bonn;Fronto ii;4
Bonn;Fuscus i;2
Bonn;Fuscus i or ii;2
Bonn;Fuscus ii;5
Bonn;Geminus i;2
Bonn;Iucundus iii;13
Bonn;Iullinus i;3
Bonn;L. Ter- Secundus;2
Bonn;L. Tr- Masculus;7
Bonn;Labio;6
Bonn;Lucceius i;3
Bonn;Maccarus i;12
Bonn;Macer i;2
Bonn;Manduilus;4
Bonn;Mansuetus i (Masuetus);2
Bonn;Masclinus;3
Bonn;Memor;7
Bonn;Mercator i (Mercatoris)?;3
Bonn;Modestus i;6
Bonn;Moi-;3
Bonn;Mommo;7
Bonn;Mona-;2
Bonn;Mont- Cres- (Montius Cres);6
Bonn;Montanus i;6
Bonn;Murranus i;6
Bonn;Nenus (Nenius);2
Bonn;Nequres;2
Bonn;Niger ii;6
Bonn;Passenus (Passienus);14
Bonn;Patricius i;14
Bonn;Paullus iii;3
Bonn;Perrus (Perus);4
Bonn;Piperus;2
Bonn;Pontus (Pontius)?;5
Bonn;Primulus i;7
Bonn;Primus iii-Sco-;2
Bonn;Quartus iii;2
Bonn;Quintus iii;4
Bonn;Roppus i;2
Bonn;Rufinus iii;2
Bonn;Rufus iii;7
Bonn;Rusticus;4
Bonn;Salvetus i (Salve tu - Salve)?;7
Bonn;Scotnus;3
Bonn;Scottius i;10
Bonn;Secundinus i;2
Bonn;Secundus i;8
Bonn;Senicio;3
Bonn;Senomant-;3
Bonn;Severus iii;12
Bonn;Sextius Can- (Sex- Can-);3
Bonn;Silvanus i;2
Bonn;Silvinus ii;4
Bonn;Sulpicius;3
Bonn;Tertius ii;2
Bonn;Tertius iii;2
Bonn;Vapuso (Vapusus);4
Bonn;Verecundus ii;4
Bonn;Virilis ii;8
Bonn;Virtus i;2
Bonn;Vitalis i;3
Bonn;Vitalis ii;23
Bonn;Volus;2
Bonn;Calvus i;26
Bonn;Secundus ii;8
Bonn;Avitus ii;3
Bonn;Felix i;8
Bonn;Primus iii;15
Bonn;Silvius i;3
Bonn;Iucundus ii;3
Bonn;L. Cosius Virilis;10
Bonn;Masclus i (Masculus);3
Bonn;Sabinus iii;7
Bonn;Logirnus;5
Bonn;Primanus ii;2
Braughing;Licinus;3
Braughing;Passenus (Passienus);2
Braughing;Vitalis ii;2
Braughing;Logirnus;2
Brecon;Mercator i (Mercatoris)?;2
Brecon;Mommo;2
Brecon;Vitalis ii;4
Brecon;L. Cosius Virilis;2
Bregenz;Natalis i;2
Bregenz;Germanus i;5
Bregenz;Albinus ii;2
Bregenz;Ardacus ii;2
Bregenz;Balbus i;2
Bregenz;Bilicatus (Bilicatos);3
Bregenz;Cadmus;2
Bregenz;Cosius Rufinus;2
Bregenz;Frontinus;5
Bregenz;Iulius ii;2
Bregenz;Labio;4
Bregenz;Modestus i;2
Bregenz;Murranus i;2
Bregenz;Passenus (Passienus);2
Bregenz;Patricius i;4
Bregenz;Regenus;2
Bregenz;Salvetus i (Salve tu - Salve)?;4
Bregenz;Scottius i;6
Bregenz;Silanus;2
Bregenz;Silvinus ii;2
Bregenz;Vitalis ii;6
Bregenz;Calvus i;6
Bregenz;Secundus i or ii;2
Bregenz;Primus iii;4
Bregenz;Iucundus ii;2
Bregenz;L. Cosius Virilis;2
Bregenz;Sabinus iii;3
Brough-on-Humber;Secundus ii;3
Broughton, Milton Keynes;Licinus;2
Broxtowe;Passenus (Passienus);2
Brumath;Amandus ii;2
Brumath;Aquitanus;2
Brumath;Ardacus ii;2
Brumath;Labio;2
Brumath;Maccarus i;4
Burghöfe;Germanus i;14
Burghöfe;Aquitanus;4
Burghöfe;Bassus ii;2
Burghöfe;Bassus ii-Coelus;3
Burghöfe;C. N- Celsus;2
Burghöfe;Castus i;2
Burghöfe;Frontinus;2
Burghöfe;Iullinus i;3
Burghöfe;Maccarus ii;2
Burghöfe;Mommo;2
Burghöfe;Passenus (Passienus);3
Burghöfe;Patricius i;2
Burghöfe;Vitalis ii;3
Burghöfe;Calvus i;2
Butzbach;Flavius Germanus (L. Flavius Germanus);3
Butzbach;Bassus iii;2
Butzbach;Carantus i;3
Butzbach;Cl- Gemma (Claudius Gemma)?;2
Butzbach;Fuscus ii;7
Butzbach;Iullinus i;2
Butzbach;Patricius i;2
Butzbach;Severus iii;2
Butzbach;Sextius Can- (Sex- Can-);3
Butzbach;Vitalis ii;5
Butzbach;L. Cosius Virilis;8
Caerhûn;Patricius i;2
Caerhûn;Primus iii;2
Caerleon;Flavius Germanus (L. Flavius Germanus);2
Caerleon;Germanus i;4
Caerleon;Martialis i;2
Caerleon;Meddillus (Mesillus);2
Caerleon;Albanus ii;2
Caerleon;Bassus iii;2
Caerleon;Bissunus;2
Caerleon;C. Silvius Patricius;4
Caerleon;Carantus i;4
Caerleon;Censor i;7
Caerleon;Cosius Rufinus;4
Caerleon;Cotto ii;4
Caerleon;Crestus i;5
Caerleon;Crispus iii;2
Caerleon;Frontinus;5
Caerleon;Fuscus ii;6
Caerleon;Iucundus iii;6
Caerleon;L. Cosius;2
Caerleon;L. Tr- Masculus;3
Caerleon;Labio;2
Caerleon;M. Crestio (M- Crestio);3
Caerleon;Memor;3
Caerleon;Mercator i (Mercatoris)?;5
Caerleon;Moi-;3
Caerleon;Montanus i;3
Caerleon;Murranus i;3
Caerleon;Passenus (Passienus);7
Caerleon;Patricius i;12
Caerleon;Paullus iii;2
Caerleon;Perrus (Perus);3
Caerleon;Pontus (Pontius)?;2
Caerleon;Rufinus iii;6
Caerleon;Rufus iii;3
Caerleon;Severus iii;12
Caerleon;Silvinus ii;6
Caerleon;Sulpicius;6
Caerleon;Virilis ii;3
Caerleon;Virtus i;3
Caerleon;Vitalis ii;15
Caerleon;Vitalis ii-P-;3
Caerleon;Calvus i;6
Caerleon;Primus iii;2
Caerleon;L. Cosius Virilis;12
Caerleon;T. Flavius Secundus;2
Caerleon;Sabinus iii;2
Caerleon;Logirnus;3
Caernarfon;Passenus (Passienus);2
Caernarfon;Rufus iii;3
Caernarfon;Calvus i;2
Caernarfon;Sabinus iii;2
Caersws;Censor i;3
Caersws;Felix i-Sev-;2
Caersws;Iullinus i;2
Caersws;Passenus (Passienus);2
Caersws;Calvus i;2
Caerwent;Crestus i;2
Caerwent;Mona-;2
Caerwent;Severus iii;3
Caerwent;Silvinus ii;2
Caerwent;Virilis ii;2
Caerwent;Vitalis ii;5
Caerwent;L. Cosius Virilis;3
Cambridge;Rufinus iii;2
Camelon;Germanus i;2
Camelon;Cosius Rufinus;2
Camelon;Frontinus;4
Camelon;Passenus (Passienus);3
Camelon;Rufinus iii;2
Camelon;Virtus i;2
Camelon;Vitalis ii;2
Camelon;Calvus i;2
Camelon;Secundus ii;5
Camelon;Logirnus;2
Camulodunum;Aquitanus;5
Camulodunum;Ardacus ii;10
Camulodunum;Ardanus;4
Camulodunum;Bassus ii;3
Camulodunum;Cantus;6
Camulodunum;Capito i;2
Camulodunum;Cennatus;2
Camulodunum;Cocus i;2
Camulodunum;Crestio;9
Camulodunum;Damonus;3
Camulodunum;Darra (Darrantus)?;2
Camulodunum;Firmo i;4
Camulodunum;Florus ii;2
Camulodunum;Ingenuus ii;4
Camulodunum;Laurus;2
Camulodunum;Libertus i;2
Camulodunum;Licinus;39
Camulodunum;Lucceius i;3
Camulodunum;Maccarus i;5
Camulodunum;Marinus i;2
Camulodunum;Marsus i (Marssus);4
Camulodunum;Modestus i;8
Camulodunum;Murranus i;10
Camulodunum;Passenus (Passienus);3
Camulodunum;Potitus i;2
Camulodunum;Regenus;2
Camulodunum;Rogatus;3
Camulodunum;Romulus i;2
Camulodunum;Rusticus;2
Camulodunum;Scotnus;7
Camulodunum;Scottius i;3
Camulodunum;Secundus i;3
Camulodunum;Senicio;4
Camulodunum;Sentrus ii;2
Camulodunum;Tertius iii;3
Camulodunum;Volus;9
Camulodunum;Primus iii;10
Camulodunum;Atepo- (Atepomarus i)?;3
Camulodunum;Masclus i (Masculus);3
Camulodunum;Acutus i;3
Canterbury;Germanus i;5
Canterbury;Ardacus ii;3
Canterbury;Censor i;3
Canterbury;Cosius Rufinus;2
Canterbury;Crestio;4
Canterbury;Dontio;2
Canterbury;Fuscus ii;2
Canterbury;Ingenuus ii;3
Canterbury;Licinus;18
Canterbury;Masclinus;2
Canterbury;Mercator i (Mercatoris)?;2
Canterbury;Modestus i;7
Canterbury;Murranus i;6
Canterbury;Niger ii;13
Canterbury;Passenus (Passienus);11
Canterbury;Patricius i;3
Canterbury;Perrus (Perus);2
Canterbury;Pontus (Pontius)?;2
Canterbury;Sarrutus;3
Canterbury;Severus iii;9
Canterbury;Silvinus ii;2
Canterbury;Tertius iii;2
Canterbury;Virthus;3
Canterbury;Vitalis ii;11
Canterbury;Calvus i;3
Canterbury;Secundus ii;6
Canterbury;Felix i;4
Canterbury;Primus iii;9
Canterbury;L. Cosius Virilis;2
Canterbury;Masclus i (Masculus);5
Canterbury;Acutus i;3
Canterbury;Sabinus iii;2
Canterbury;Logirnus;3
Cardiff;Meddillus (Mesillus);2
Cardiff;Rufinus iii;2
Cardiff;Severus iii;2
Cardiff;Primus iii;3
Cardiff;Sabinus iii;2
Carlisle;Flavius Germanus (L. Flavius Germanus);5
Carlisle;Germanus i;5
Carlisle;Albanus ii;6
Carlisle;Apro (Apro-)?;2
Carlisle;Censor i;2
Carlisle;Coelus ii;4
Carlisle;Cosius Rufinus;2
Carlisle;Cotto ii;3
Carlisle;Crestio;2
Carlisle;Crestus i;8
Carlisle;Firmo ii;2
Carlisle;Frontinus;3
Carlisle;Iucundus iii;3
Carlisle;Iullinus i;2
Carlisle;L. Tr- Masculus;2
Carlisle;Labio;2
Carlisle;Memor;2
Carlisle;Mercator i (Mercatoris)?;4
Carlisle;Mon- i;2
Carlisle;Mont- Cres- (Montius Cres);3
Carlisle;Montanus i;3
Carlisle;Ortius Paullus;3
Carlisle;Patricius i;4
Carlisle;Peregrinus i;2
Carlisle;Perrus (Perus);2
Carlisle;Primulus i;2
Carlisle;Pudens ii;2
Carlisle;Quartus iii;2
Carlisle;Roppus i;2
Carlisle;Rufinus iii;6
Carlisle;Rufus iii;2
Carlisle;Sabinus iv;3
Carlisle;Sarrutus;3
Carlisle;Severus iii;2
Carlisle;Severus iii-Pud(ens)?;2
Carlisle;Silvinus ii;4
Carlisle;Sulpicius;2
Carlisle;Virtus i;3
Carlisle;Vitalis ii;8
Carlisle;Calvus i;13
Carlisle;Biragillus i;2
Carlisle;Secundus ii;7
Carlisle;Primus iii;6
Carlisle;Sabinus iii;4
Carmarthen;Censor i;2
Carmarthen;L. Tr- Masculus;2
Carmarthen;Montanus i;2
Carmarthen;Patricius i;2
Carmarthen;Rufinus iii;3
Carmarthen;Severus iii;3
Carmarthen;Logirnus;2
Carnuntum;Germanus i;2
Carnuntum;Fuscus ii;2
Carnuntum;Notus;2
Carnuntum;Vitalis ii;2
Carnuntum;Calvus i;2
Carnuntum;Felix i;3
Carnuntum;Masclus i (Masculus);2
Castleford;Meddillus (Mesillus);3
Castleford;Albanus ii;2
Castleford;Iucundus iii;3
Castleford;Labio;2
Castleford;Levius (Levus?);2
Castleford;Moi-;2
Castleford;Mommo;3
Castleford;Mont- Cres- (Montius Cres);2
Castleford;Passenus (Passienus);5
Castleford;Patricius i;3
Castleford;Pontus (Pontius)?;4
Castleford;Primulus i;4
Castleford;Quintio i;2
Castleford;Severus iii;5
Castleford;Virtus i;3
Castleford;Calvus i;3
Castleford;Felix i;2
Castleford;Primus iii;3
Castleford;Logirnus;4
Catterick;Flavius Germanus (L. Flavius Germanus);2
Catterick;Censor i;2
Catterick;Cl- Gemma (Claudius Gemma)?;2
Catterick;Cosius Iucundus (A. Co- Iuc-)?;2
Catterick;Iucundus iii;3
Catterick;Mercator i (Mercatoris)?;2
Catterick;Paullus iii;2
Catterick;Virilis ii;2
Catterick;Calvus i;3
Catterick;L. Cosius Virilis;4
Catterick;Sabinus iii;2
Charterhouse-on-Mendip;Crispus iii;2
Charterhouse-on-Mendip;Passenus (Passienus);2
Charterhouse-on-Mendip;Patricius i;2
Chelmsford;Bassus ii;2
Chelmsford;Crestus i;2
Chelmsford;Maccarus i;2
Chelmsford;Niger ii;2
Chelmsford;Passenus (Passienus);3
Chelmsford;Rufinus iii;2
Chelmsford;Severus iii;3
Chelmsford;Primus iii;4
Chester-le-Street;Germanus i;2
Chester-le-Street;Albanus ii;4
Chester-le-Street;Albus i;3
Chester-le-Street;Apro (Apro-)?;4
Chester-le-Street;Bionis (Bio)?;3
Chester-le-Street;C. Iulius Celer (Cicelr- etc.);3
Chester-le-Street;C. Silvius Patricius;4
Chester-le-Street;Carantus i;2
Chester-le-Street;Censor i;6
Chester-le-Street;Coelus ii;2
Chester-le-Street;Cosius Iucundus (A. Co- Iuc-)?;3
Chester-le-Street;Cosius Rufinus;6
Chester-le-Street;Cotto ii;3
Chester-le-Street;Crestio;4
Chester-le-Street;Crestus i;5
Chester-le-Street;Dontio;3
Chester-le-Street;Felicio ii;2
Chester-le-Street;Firmus ii;2
Chester-le-Street;Flavius Avi- (Flavius Avitus)?;2
Chester-le-Street;Frontinus;10
Chester-le-Street;Fuscus ii;2
Chester-le-Street;Iucundus iii;5
Chester-le-Street;Iullinus i;3
Chester-le-Street;L. Cosius;2
Chester-le-Street;L. Ter- Secundus;3
Chester-le-Street;L. Tr- Masculus;4
Chester-le-Street;Labio;4
Chester-le-Street;Libertus i;3
Chester-le-Street;Manduilus;3
Chester-le-Street;Masclinus;4
Chester-le-Street;Memor;7
Chester-le-Street;Mercator i (Mercatoris)?;3
Chester-le-Street;Modestus i;2
Chester-le-Street;Moi-;2
Chester-le-Street;Mommo;4
Chester-le-Street;Mont- Cres- (Montius Cres);2
Chester-le-Street;Murranus i;2
Chester-le-Street;Niger ii;2
Chester-le-Street;Passenus (Passienus);8
Chester-le-Street;Patricius i;25
Chester-le-Street;Peregrinus i;2
Chester-le-Street;Perrus (Perus);2
Chester-le-Street;Ponteius;2
Chester-le-Street;Pontus (Pontius)?;5
Chester-le-Street;Primulus i;6
Chester-le-Street;Quintio i;2
Chester-le-Street;Rufinus iii;16
Chester-le-Street;Rufus iii;7
Chester-le-Street;Sarrutus;6
Chester-le-Street;Severus iii;9
Chester-le-Street;Sextius Can- (Sex- Can-);2
Chester-le-Street;Silvinus ii;2
Chester-le-Street;Sulpicius;8
Chester-le-Street;Virilis ii;6
Chester-le-Street;Virtus i;2
Chester-le-Street;Vitalis ii;16
Chester-le-Street;Calvus i;22
Chester-le-Street;Secundus ii;4
Chester-le-Street;Felix i;3
Chester-le-Street;Primus iii;6
Chester-le-Street;L. Cosius Virilis;3
Chester-le-Street;Sabinus iii;3
Chester-le-Street;Logirnus;4
Chesterholm-Vindolanda;Flavius Germanus (L. Flavius Germanus);6
Chesterholm-Vindolanda;Billicuro;2
Chesterholm-Vindolanda;Celsus ii;2
Chesterholm-Vindolanda;Cotto ii;2
Chesterholm-Vindolanda;Crestus i;3
Chesterholm-Vindolanda;Frontinus;3
Chesterholm-Vindolanda;Iullinus i;4
Chesterholm-Vindolanda;Mercator i (Mercatoris)?;2
Chesterholm-Vindolanda;Murranus i;2
Chesterholm-Vindolanda;Patricius i;2
Chesterholm-Vindolanda;Ponteius;2
Chesterholm-Vindolanda;Sarrutus;2
Chesterholm-Vindolanda;Silvinus ii;2
Chesterholm-Vindolanda;Virilis ii;3
Chesterholm-Vindolanda;Calvus i;4
Chichester;Germanus i;5
Chichester;Albanus ii;3
Chichester;Amandus ii;3
Chichester;Ardacus ii;3
Chichester;Cosius Iucundus (A. Co- Iuc-)?;5
Chichester;Crestio;3
Chichester;Crestus i;4
Chichester;Firmo ii;3
Chichester;Frontinus;2
Chichester;Ingenuus ii;3
Chichester;Iucundus iii;2
Chichester;Labio;4
Chichester;Licinus;5
Chichester;Mommo;2
Chichester;Murranus i;6
Chichester;Nequres;2
Chichester;Niger ii;4
Chichester;Passenus (Passienus);4
Chichester;Patricius i;7
Chichester;Peregrinus i;2
Chichester;Ponteius;2
Chichester;Regenus;2
Chichester;Rufinus iii;3
Chichester;Secundus i;2
Chichester;Severus iii;9
Chichester;Virilis ii;2
Chichester;Virtus i;2
Chichester;Vitalis i;2
Chichester;Vitalis ii;7
Chichester;Calvus i;4
Chichester;Celadus;2
Chichester;Felix i;3
Chichester;Primus iii;7
Chichester;Sabinus iii;3
Chichester;Logirnus;2
Chichester;Inea?;2
Cirencester;Germanus i;7
Cirencester;Martialis i;3
Cirencester;Abitus (Habitus);2
Cirencester;Albanus ii;2
Cirencester;Amandus ii;3
Cirencester;Aper i;2
Cirencester;Aquitanus;3
Cirencester;Ardacus ii;3
Cirencester;Bassus ii;2
Cirencester;Castus i;2
Cirencester;Cennatus;2
Cirencester;Censor i;6
Cirencester;Cosiu Urap- (Cosius Urappus);2
Cirencester;Cosius Iucundus (A. Co- Iuc-)?;2
Cirencester;Cosius Rufinus;5
Cirencester;Cotio (Otio)?;2
Cirencester;Cotto ii;5
Cirencester;Crestio;9
Cirencester;Crestus i;7
Cirencester;Crispus iii;2
Cirencester;Dontio;3
Cirencester;Fabus i;3
Cirencester;Firmo ii;3
Cirencester;Firmus ii;2
Cirencester;Frontinus;5
Cirencester;G. Salarius Aptus;3
Cirencester;Gallus ii;2
Cirencester;Ingenuus ii;2
Cirencester;Iullinus i;3
Cirencester;Iustus i;3
Cirencester;L. Tr- Masculus;4
Cirencester;Labio;2
Cirencester;Licinus;8
Cirencester;Maccarus i;6
Cirencester;Macer i;2
Cirencester;Macrinus i;2
Cirencester;Marsus i (Marssus);4
Cirencester;Martius ii;2
Cirencester;Memor;3
Cirencester;Mercator i (Mercatoris)?;6
Cirencester;Modestus i;15
Cirencester;Mommo;4
Cirencester;Montanus i;4
Cirencester;Murranus i;12
Cirencester;Nequres;4
Cirencester;Niger ii;12
Cirencester;Passenus (Passienus);17
Cirencester;Patricius i;15
Cirencester;Ponteius;2
Cirencester;Pontus (Pontius)?;5
Cirencester;Primulus i;2
Cirencester;Rufinus iii;2
Cirencester;Secundus i;2
Cirencester;Senicio;3
Cirencester;Severus iii;18
Cirencester;Silvanus i;2
Cirencester;Tertius iii;5
Cirencester;Verecundus ii;2
Cirencester;Virilis ii;6
Cirencester;Virtus i;4
Cirencester;Vitalis i;7
Cirencester;Vitalis ii;13
Cirencester;Calvus i;12
Cirencester;Secundus ii;10
Cirencester;Felix i;8
Cirencester;Paullus i (Paulus);2
Cirencester;Primus iii;16
Cirencester;Iucundus ii;2
Cirencester;Calus ii;2
Cirencester;Sabinus iii;8
Cirencester;Logirnus;2
Colchester;Flavius Germanus (L. Flavius Germanus);4
Colchester;Germanus i;12
Colchester;Martialis i;8
Colchester;Meddillus (Mesillus);5
Colchester;Abitus (Habitus);8
Colchester;Aemilius i;3
Colchester;Albanus ii;9
Colchester;Albinus iii;5
Colchester;Albus i;5
Colchester;Amandus ii;2
Colchester;Aper i;4
Colchester;Aquitanus;30
Colchester;Ardacus ii;10
Colchester;Atica (Athca)?;3
Colchester;Bassus ii;25
Colchester;Bassus ii-Coelus;3
Colchester;Bassus iii;2
Colchester;Bionis (Bio)?;6
Colchester;Bissunus;3
Colchester;Buccio i;2
Colchester;C. Iulius Celer (Cicelr- etc.);2
Colchester;C. N- Celsus;2
Colchester;C. Silvius Patricius;6
Colchester;C. Valerius Albanus?;3
Colchester;Cabuca;2
Colchester;Cantirrius (Cantirrus);2
Colchester;Cantus;2
Colchester;Capito i;5
Colchester;Carantus i;2
Colchester;Carus iii;2
Colchester;Celsus ii;2
Colchester;Censor i;4
Colchester;Chrestus;5
Colchester;Coelus ii;2
Colchester;Cosius Iucundus (A. Co- Iuc-)?;6
Colchester;Cosius Rufinus;10
Colchester;Cotio (Otio)?;2
Colchester;Cotto ii;10
Colchester;Crestio;16
Colchester;Crestus i;16
Colchester;Crispus iii;4
Colchester;Damonus;3
Colchester;Dontio;3
Colchester;Fabus i;2
Colchester;Fedotus;2
Colchester;Felicio i;6
Colchester;Firmo ii;6
Colchester;Firmus ii;2
Colchester;Flavius Sabinus;2
Colchester;Florus ii;2
Colchester;Fortis i;2
Colchester;Frontinus;12
Colchester;Fuscus i or ii;2
Colchester;Fuscus ii;6
Colchester;Ingenuus ii;9
Colchester;Iucundus iii;6
Colchester;Iullinus i;6
Colchester;Iustus i;6
Colchester;L. Ter- Secundus;2
Colchester;L. Tr- Masculus;5
Colchester;Labio;8
Colchester;Libertus i;3
Colchester;Lic- Seve- (Licinius Severus)?;2
Colchester;Licinus;37
Colchester;Lucceius i;5
Colchester;Maccarus i;10
Colchester;Magnus i;2
Colchester;Manduilus;2
Colchester;Marinus i;5
Colchester;Marsus i (Marssus);5
Colchester;Maso i;4
Colchester;Maternus ii (Mater-)?;2
Colchester;Matugenus ii;4
Colchester;Memor;5
Colchester;Mercator i (Mercatoris)?;7
Colchester;Modestus i;36
Colchester;Moi-;4
Colchester;Mommo;22
Colchester;Mon- i;2
Colchester;Mont- Cres- (Montius Cres);5
Colchester;Montanus i;4
Colchester;Murranus i;43
Colchester;Nenus (Nenius);2
Colchester;Nequres;5
Colchester;Nestor;8
Colchester;Niger ii;26
Colchester;Niger ii-And-;4
Colchester;Nitor;2
Colchester;Notus;5
Colchester;Onc-Pa-;2
Colchester;Passenus (Passienus);55
Colchester;Patricius i;16
Colchester;Peregrinus i;5
Colchester;Perrus (Perus);6
Colchester;Ponteius;7
Colchester;Pontus (Pontius)?;18
Colchester;Primulus i;10
Colchester;Primus iii-Sco-;3
Colchester;Quartus iii;3
Colchester;Quintio i;8
Colchester;Quintus iii;2
Colchester;Rogatus;3
Colchester;Roppus i;2
Colchester;Rufinus iii;20
Colchester;Rufus iii;8
Colchester;S- Verius (Sex. Verius)?;2
Colchester;Salvetus i (Salve tu - Salve)?;5
Colchester;Sarrutus;5
Colchester;Scotnus;16
Colchester;Secundus i;11
Colchester;Senicio;5
Colchester;Senomant-;2
Colchester;Sentrus i;2
Colchester;Sentrus ii;3
Colchester;Senus i (Senius);4
Colchester;Severus iii;34
Colchester;Silanus;2
Colchester;Silvanus i;4
Colchester;Silvinus ii;9
Colchester;Sulpicius;5
Colchester;T. Iulius Apa- (T. Iul- Apa-);2
Colchester;Tertius iii;9
Colchester;Tetus (Tetius);4
Colchester;Tusso;2
Colchester;Vanderio (Vaderio or Vanderius or Vanderus);4
Colchester;Verecundus ii;3
Colchester;Virthus;7
Colchester;Virtus i;11
Colchester;Vitalis i;7
Colchester;Vitalis ii;39
Colchester;Volus;3
Colchester;Calvus i;20
Colchester;Crucuro i;3
Colchester;Secundus i or ii;2
Colchester;Secundus ii;26
Colchester;Avitus ii;2
Colchester;Celadus;4
Colchester;Felix i;15
Colchester;Paullus i (Paulus);10
Colchester;Primus iii;72
Colchester;Silvius i;4
Colchester;Successus ii (Sucesus);3
Colchester;Iucundus ii;2
Colchester;L. Cosius Virilis;8
Colchester;Masclus i (Masculus);25
Colchester;Sabinus iii;12
Colchester;Manertus;3
Colchester;Logirnus;14
Colchester;Lorus (Lorius);2
Colchester;Paullinus i;2
Corbridge;Flavius Germanus (L. Flavius Germanus);3
Corbridge;Apro (Apro-)?;3
Corbridge;Bionis (Bio)?;2
Corbridge;C. N- Celsus;2
Corbridge;C. Silvius Patricius;4
Corbridge;Censor i;4
Corbridge;Cosius Rufinus;2
Corbridge;Crestus i;6
Corbridge;Frontinus;7
Corbridge;Iucundus iii;2
Corbridge;Iullinus i;2
Corbridge;L. Ter- Secundus;3
Corbridge;Mercator i (Mercatoris)?;3
Corbridge;Montanus i;3
Corbridge;Passenus (Passienus);3
Corbridge;Patricius i;2
Corbridge;Pontus (Pontius)?;3
Corbridge;Primulus i;2
Corbridge;Rufinus iii;3
Corbridge;Rufus iii;3
Corbridge;Sarrutus;3
Corbridge;Severus iii;3
Corbridge;Silvinus ii;3
Corbridge;Sulpicius;3
Corbridge;Virilis ii;3
Corbridge;Vitalis ii;3
Corbridge;Calvus i;13
Corbridge;L. Cosius Virilis;6
Corbridge;Logirnus;3
Cuijk;Bassus ii;2
De Meern;Vitalis ii;4
Dol-y-Gaer;Vitalis ii;2
Doncaster;Iullinus i;2
Doncaster;Calvus i;2
Dorchester, Dorset;Germanus i;5
Dorchester, Dorset;Censor i;2
Dorchester, Dorset;Crestus i;2
Dorchester, Dorset;Firmo ii;2
Dorchester, Dorset;Iullinus i;3
Dorchester, Dorset;Iustus i;2
Dorchester, Dorset;M. Crestio (M- Crestio);2
Dorchester, Dorset;Memor;2
Dorchester, Dorset;Moi-;2
Dorchester, Dorset;Murranus i;2
Dorchester, Dorset;Nequres;2
Dorchester, Dorset;Passenus (Passienus);3
Dorchester, Dorset;Patricius i;3
Dorchester, Dorset;Rufinus iii;2
Dorchester, Dorset;Severus iii;5
Dorchester, Dorset;Verecundus ii;2
Dorchester, Dorset;Virtus i;2
Dorchester, Dorset;Secundus ii;2
Dorchester, Dorset;Masclus i (Masculus);2
Dorchester, Dorset;Sabinus iii;2
Dorchester, Dorset;Logirnus;3
Echzell;Frontinus;2
Echzell;Vitalis ii;3
Echzell;Vitalis ii-P-;2
Echzell;L. Cosius Virilis;2
Ehl;Albinus iii;2
Ehl;Masclus i (Masculus);2
Elginhaugh;Logirnus;2
Emerkingen;Germanus i;2
Emerkingen;Senicio;2
Epfach;Coelus ii;2
Epfach;Frontinus;2
Epfach;Modestus i;2
Epfach;Calvus i;5
Ewell;Patricius i;2
Ewell;Vitalis ii;2
Exeter;Germanus i;4
Exeter;Abitus (Habitus);3
Exeter;Aquitanus;9
Exeter;Bassus ii;3
Exeter;Bassus ii-Coelus;3
Exeter;Carbo;2
Exeter;Crestio;4
Exeter;Firmo ii;4
Exeter;Gallicanus ii;2
Exeter;Labio;2
Exeter;Licinus;2
Exeter;Lucceius i;2
Exeter;Modestus i;7
Exeter;Mommo;2
Exeter;Murranus i;7
Exeter;Niger ii;8
Exeter;Primus iii-Sco-;2
Exeter;Rufinus iii;2
Exeter;Rufus iii;2
Exeter;Salvetus i (Salve tu - Salve)?;2
Exeter;Severus iii;7
Exeter;Silvanus i;2
Exeter;Virtus i;3
Exeter;Vitalis i;2
Exeter;Vitalis ii;3
Exeter;Calvus i;3
Exeter;Secundus ii;3
Exeter;Celadus;2
Exeter;Felix i;7
Exeter;Paullus i (Paulus);2
Exeter;Primus iii;8
Exeter;Sabinus iii;4
Faimingen;Calvus i;3
Faimingen;L. Cosius Virilis;2
Fingringhoe Wick;Bassus ii;2
Fingringhoe Wick;Licinus;3
Fingringhoe Wick;Murranus i;2
Fingringhoe Wick;Primus iii;2
Fishbourne;Germanus i;3
Fishbourne;Albanus ii;4
Fishbourne;Bassus ii;3
Fishbourne;Crestio;3
Fishbourne;Crestus i;2
Fishbourne;Damonus;2
Fishbourne;Darra (Darrantus)?;2
Fishbourne;Firmo ii;2
Fishbourne;Iucundus iii;2
Fishbourne;Labio;2
Fishbourne;Libertus i;2
Fishbourne;Licinus;2
Fishbourne;Lupus ii;2
Fishbourne;Memor;2
Fishbourne;Moi-;2
Fishbourne;Mont- Cres- (Montius Cres);2
Fishbourne;Murranus i;3
Fishbourne;Niger ii;13
Fishbourne;Passenus (Passienus);7
Fishbourne;Patricius i;4
Fishbourne;Perrus (Perus);2
Fishbourne;Pontus (Pontius)?;4
Fishbourne;Primulus i;3
Fishbourne;Scotnus;2
Fishbourne;Severus iii;5
Fishbourne;Vitalis i;2
Fishbourne;Vitalis ii;2
Fishbourne;Calvus i;2
Fishbourne;Secundus ii;3
Fishbourne;Felix i;2
Fishbourne;Primus iii;7
Fishbourne;Sabinus iii;2
Fishbourne;Logirnus;3
Folkestone;Passenus (Passienus);2
Friedberg;Flavius Germanus (L. Flavius Germanus);5
Friedberg;C. Iulius Primig- (C. Iul- Primic- or G. Iul- Prim- etc.);2
Friedberg;Carantus i;3
Friedberg;Censor i;3
Friedberg;Cosius Rufinus;2
Friedberg;Crestus i;3
Friedberg;Fronto ii;2
Friedberg;Iucundus iii;2
Friedberg;Memor;2
Friedberg;Patricius i;4
Friedberg;Severus iii;6
Friedberg;Sulpicius;2
Friedberg;Virilis ii;3
Friedberg;Vitalis ii;8
Friedberg;Calvus i;3
Friedberg;L. Cosius Virilis;2
Gauting;Vitalis ii;3
Geislingen;Bionis (Bio)?;2
Geislingen;Vitalis ii;4
Gellep;Flavius Germanus (L. Flavius Germanus);6
Gellep;Iucundus iii;3
Gellep;Passenus (Passienus);2
Gellep;Patricius i;2
Gellep;Polio ii (Pollio);2
Gellep;Scottius i;2
Gellep;Vitalis ii;2
Gellep;Logirnus;2
Gernsheim;Patricius i;3
Gloucester;Germanus i;4
Gloucester;Albanus ii;2
Gloucester;Aquitanus;4
Gloucester;Carillus iii (Carilus);2
Gloucester;Censor i;2
Gloucester;Cosius Rufinus;4
Gloucester;Crestio;2
Gloucester;Crestus i;4
Gloucester;Iucundus iii;2
Gloucester;Licinus;4
Gloucester;Masclinus;2
Gloucester;Memor;2
Gloucester;Modestus i;3
Gloucester;Mommo;3
Gloucester;Montanus i;3
Gloucester;Murranus i;3
Gloucester;Niger ii;2
Gloucester;Passenus (Passienus);16
Gloucester;Patricius i;5
Gloucester;Ponteius;2
Gloucester;Quintio i;2
Gloucester;Severus iii;7
Gloucester;Silvinus ii;2
Gloucester;Sulpicius;4
Gloucester;Verecundus ii;2
Gloucester;Virtus i;2
Gloucester;Vitalis i;2
Gloucester;Vitalis ii;6
Gloucester;Calvus i;3
Gloucester;Secundus ii;5
Gloucester;Felix i;2
Gloucester;Paullus i (Paulus);2
Gloucester;Primus iii;2
Gloucester;Masclus i (Masculus);2
Gloucester;Sabinus iii;6
Gloucester;Logirnus;3
Gnotzheim;C. Iulius Primig- (C. Iul- Primic- or G. Iul- Prim- etc.);2
Gorhambury;Censor i;3
Gorhambury;Crestio;2
Gorhambury;Licinus;2
Gorhambury;Manduilus;2
Gorhambury;Patricius i;3
Gorhambury;Severus iii;2
Gorhambury;Vitalis ii;2
Gorhambury;Secundus ii;2
Great Chesterford;Patricius i;2
Great Chesterford;Tertius iii;2
Groß-Gerau;Modestus i;2
Groß-Gerau;Patricius i;2
Groß-Gerau;Severus iii;2
Günzburg;Germanus i;2
Günzburg;Frontinus;3
Günzburg;Iucundus iii;2
Günzburg;Passenus (Passienus);2
Günzburg;Vitalis ii;3
Győr;L. Cosius Virilis;2
Ham Hill;Licinus;2
Hanau-Salisberg;Flavius Germanus (L. Flavius Germanus);3
Hanau-Salisberg;Iulius ii;2
Hanau-Salisberg;Severus iii;4
Hanau-Salisberg;Virilis ii;2
Hanau-Salisberg;Vitalis ii;3
Hanau-Salisberg;Silvius i;2
Hanau-Salisberg;L. Cosius Virilis;2
Heddernheim;Flavius Germanus (L. Flavius Germanus);11
Heddernheim;Germanus i;8
Heddernheim;Albanus ii;3
Heddernheim;Bassinus i;2
Heddernheim;Bassus iii;4
Heddernheim;Bissunus;2
Heddernheim;C. Cincius Senovirus (G. Cingius);2
Heddernheim;C. Iulius Primig- (C. Iul- Primic- or G. Iul- Prim- etc.);2
Heddernheim;C. Iulius Primig- Sur- (C. Iul- Pr- Su- etc.);3
Heddernheim;C. N- Celsus;4
Heddernheim;C. Silvius Patricius;6
Heddernheim;Cabiatus;2
Heddernheim;Calvinus i;3
Heddernheim;Carantus i;3
Heddernheim;Carbo;2
Heddernheim;Celsus ii;6
Heddernheim;Censor i;14
Heddernheim;Coelus ii;2
Heddernheim;Cosius Iucundus (A. Co- Iuc-)?;5
Heddernheim;Cosius Rufinus;6
Heddernheim;Cotto ii;3
Heddernheim;Crestus i;14
Heddernheim;Flavius Avi- (Flavius Avitus)?;2
Heddernheim;Flavius Sabinus;2
Heddernheim;Frontinus;12
Heddernheim;Fuscus ii;7
Heddernheim;Gaius i;2
Heddernheim;Iucundus iii;6
Heddernheim;Iullinus i;8
Heddernheim;L. Ter- Secundus;7
Heddernheim;L. Tr- Masculus;4
Heddernheim;Lic- Seve- (Licinius Severus)?;2
Heddernheim;Manduilus;2
Heddernheim;Masclinus;2
Heddernheim;Memor;4
Heddernheim;Mercator i (Mercatoris)?;8
Heddernheim;Mommo;2
Heddernheim;Mont- Cres- (Montius Cres);3
Heddernheim;Montanus i;2
Heddernheim;Murranus i;3
Heddernheim;Passenus (Passienus);5
Heddernheim;Patricius i;14
Heddernheim;Paullus iii;3
Heddernheim;Peregrinus i;2
Heddernheim;Phoebus ii;2
Heddernheim;Ponteius;4
Heddernheim;Pontus (Pontius)?;4
Heddernheim;Primus iii-Sco-;2
Heddernheim;Pudens ii;2
Heddernheim;Quintio i;2
Heddernheim;Rufinus iii;9
Heddernheim;Rufus iii;3
Heddernheim;Sarrutus;2
Heddernheim;Secundus i;2
Heddernheim;Senicio;3
Heddernheim;Severus iii;10
Heddernheim;Sextius Can- (Sex- Can-);9
Heddernheim;Silvinus ii;2
Heddernheim;Sulpicius;7
Heddernheim;Tabius Virtus (Tabus-Virtus or Tabus-Virutis)?;2
Heddernheim;Verecundus ii;2
Heddernheim;Virilis ii;12
Heddernheim;Virthus;3
Heddernheim;Vitalis i;2
Heddernheim;Vitalis ii;18
Heddernheim;Vitalis ii-P-;3
Heddernheim;Calvus i;20
Heddernheim;Secundus ii;10
Heddernheim;Felix i;2
Heddernheim;Primus iii;7
Heddernheim;L. Cosius Virilis;13
Heddernheim;Masclus i (Masculus);2
Heddernheim;Sabinus iii;5
Heidelberg;Flavius Germanus (L. Flavius Germanus);3
Heidelberg;Germanus i;4
Heidelberg;Albanus ii;2
Heidelberg;Bissunus;2
Heidelberg;C. N- Celsus;3
Heidelberg;C. Silvius Patricius;4
Heidelberg;Censor i;5
Heidelberg;Cosius Rufinus;5
Heidelberg;Crestio;2
Heidelberg;Crestus i;3
Heidelberg;Frontinus;2
Heidelberg;Fuscus ii;3
Heidelberg;Iucundus iii;4
Heidelberg;Iullinus i;2
Heidelberg;L. Fabu-;2
Heidelberg;L. Ter- Secundus;2
Heidelberg;L. Tr- Masculus;3
Heidelberg;Libertus i;3
Heidelberg;Memor;3
Heidelberg;Mercator i (Mercatoris)?;2
Heidelberg;Passenus (Passienus);3
Heidelberg;Patricius i;6
Heidelberg;Peregrinus i;2
Heidelberg;Rufus iii;2
Heidelberg;Severus iii;3
Heidelberg;Sulpicius;2
Heidelberg;Virilis ii;7
Heidelberg;Vitalis ii;10
Heidelberg;Calvus i;4
Heidelberg;L. Cosius Virilis;10
Heidelberg;Sabinus iii;4
Heidenheim;Germanus i;2
Heldenbergen;Vitalis ii;2
Heronbridge;Flavius Germanus (L. Flavius Germanus);2
Heybridge;Crestus i;2
Heybridge;Sulpicius;3
Heybridge;Virthus;2
Heybridge;Calvus i;2
Heybridge;Masclus i (Masculus);2
High Cross;Primus iii;2
Hod Hill;Damonus;2
Hofheim;Flavius Germanus (L. Flavius Germanus);6
Hofheim;Germanus i;2
Hofheim;Meddillus (Mesillus);2
Hofheim;Abitus (Habitus);2
Hofheim;Amandus ii;2
Hofheim;Aper i;2
Hofheim;Aquitanus;19
Hofheim;Ardacus ii;3
Hofheim;Ardanus;2
Hofheim;Ave (i) or Avetu or Ave tu or Ave Vale etc.;2
Hofheim;Bassus ii;18
Hofheim;Bassus ii-Coelus;7
Hofheim;Bilicatus (Bilicatos);3
Hofheim;Bollus ii;3
Hofheim;Calvinus i;2
Hofheim;Capito i;2
Hofheim;Censor i;6
Hofheim;Cosius Iucundus (A. Co- Iuc-)?;2
Hofheim;Cosius Rufinus;2
Hofheim;Cotto ii;3
Hofheim;Crestio;9
Hofheim;Crestus i;4
Hofheim;Crispus iii;2
Hofheim;Ego (Ego-)?;2
Hofheim;Firmo i;3
Hofheim;Ingenuus ii;2
Hofheim;Iucundus iii;3
Hofheim;Iullinus i;3
Hofheim;Labio;4
Hofheim;Lentu-;2
Hofheim;Libertus i;3
Hofheim;Licinus;7
Hofheim;Maccarus i;8
Hofheim;Mansuetus i (Masuetus);2
Hofheim;Matugenus ii;2
Hofheim;Memor;2
Hofheim;Mercator i (Mercatoris)?;3
Hofheim;Modestus i;9
Hofheim;Mommo;4
Hofheim;Montanus i;4
Hofheim;Murranus i;6
Hofheim;Niger ii;10
Hofheim;Niger ii-And-;2
Hofheim;Passenus (Passienus);6
Hofheim;Patricius i;9
Hofheim;Pontus (Pontius)?;2
Hofheim;Potitus i;2
Hofheim;Primulus i;2
Hofheim;Quintus iii;3
Hofheim;Rufinus iii;3
Hofheim;Scottius i;3
Hofheim;Secundus i;4
Hofheim;Senicio;2
Hofheim;Severus iii;6
Hofheim;Silvinus ii;4
Hofheim;Sulpicius;4
Hofheim;Tertius iii;2
Hofheim;Tetus (Tetius);2
Hofheim;Vapuso (Vapusus);6
Hofheim;Verecundus ii;2
Hofheim;Virtus i;3
Hofheim;Vitalis i;4
Hofheim;Vitalis ii;11
Hofheim;Calvus i;6
Hofheim;Secundus ii;2
Hofheim;Celadus;3
Hofheim;Felix i;8
Hofheim;Paullus i (Paulus);4
Hofheim;Primus iii;11
Hofheim;Silvius i;4
Hofheim;Successus ii (Sucesus);2
Hofheim;Iucundus ii;2
Hofheim;Masclus i (Masculus);8
Hofheim;Sabinus iii;2
Hofheim;Logirnus;2
Holt;Flavius Germanus (L. Flavius Germanus);2
Holt;Censor i;3
Holt;Fuscus ii;2
Holt;Vitalis ii;2
Hüfingen;Germanus i;2
Hüfingen;Patricius i;4
Hüfingen;Felix i;5
Ilkley;Iucundus iii;2
Ilkley;Calvus i;2
Inchtuthil;Iullinus i;2
Inchtuthil;Patricius i;2
Kelvedon;Modestus i;2
Kempten;Aquitanus;2
Kempten;Iustus i;4
Kempten;Licinus;2
Kempten;Maccarus i;2
Kempten;Murranus i;2
Kempten;Passenus (Passienus);6
Kempten;Primulus i;2
Kempten;Salvetus i (Salve tu - Salve)?;4
Kempten;Logirnus;2
Kettering;C. Silvius Patricius;2
Kettering;Cosius Rufinus;2
Kettering;Frontinus;2
Kettering;M. Crestio (M- Crestio);2
Kettering;Mommo;2
Kettering;Murranus i;2
Kettering;Patricius i;2
Kettering;Ponteius;2
Kettering;Pontus (Pontius)?;2
Kettering;Rufinus iii;2
Kettering;Severus iii;2
Kettering;Vitalis ii;4
Kettering;Calvus i;5
Kettering;L. Cosius Virilis;2
Koblenz;Bassus ii;2
Koblenz;Melus i;2
Koblenz;Silvanus i;2
Köln;Flavius Germanus (L. Flavius Germanus);7
Köln;Germanus i;7
Köln;Martialis i;3
Köln;Albanus ii;3
Köln;Aper i;4
Köln;Apro (Apro-)?;2
Köln;Aquitanus;9
Köln;Bassus ii;9
Köln;Bassus ii-Coelus;2
Köln;Bissunus;2
Köln;Bollus ii;2
Köln;Cantus;2
Köln;Carantus i;3
Köln;Censor i;4
Köln;Coelus ii;3
Köln;Cosius Rufinus;3
Köln;Crestus i;3
Köln;Crispus iii;2
Köln;Dontio;3
Köln;Felicio i;2
Köln;Felix i-Sev-;2
Köln;Frontinus;4
Köln;Fuscus i or ii;4
Köln;Gallus ii;2
Köln;Iucundus iii;2
Köln;Iullinus i;2
Köln;L. Ter- Secundus;2
Köln;Labio;4
Köln;Maccarus i;7
Köln;Macer i;4
Köln;Memor;2
Köln;Mercator i (Mercatoris)?;4
Köln;Modestus i;2
Köln;Moi-;2
Köln;Mommo;3
Köln;Montanus i;4
Köln;Nequres;3
Köln;Niger ii;3
Köln;Ocel- (Oces-)?;2
Köln;Ortius Paullus;2
Köln;Patricius i;8
Köln;Perrus (Perus);3
Köln;Pontus (Pontius)?;4
Köln;Primulus i;2
Köln;Rufinus iii;5
Köln;Rufus iii;3
Köln;Salvetus i (Salve tu - Salve)?;2
Köln;Scottius i;6
Köln;Secundinus i;2
Köln;Severus iii;4
Köln;Silvanus i;2
Köln;Sulpicius;5
Köln;Tertius iii;2
Köln;Vapuso (Vapusus);2
Köln;Verecundus ii;2
Köln;Virilis ii;7
Köln;Virthus;2
Köln;Vitalis ii;19
Köln;Calvus i;6
Köln;Secundus i or ii;4
Köln;Secundus ii;4
Köln;Celadus;3
Köln;Felix i;4
Köln;Paullus i (Paulus);2
Köln;Primus iii;9
Köln;Calus i;2
Köln;Masclus i (Masculus);2
Köln;Sabinus iii;3
Köln;Logirnus;3
Köngen;Calvus i;2
Kreuznach;Bilicatus (Bilicatos);2
Kreuznach;Passenus (Passienus);3
Kreuznach;Ponei- (Pone-);2
Kreuznach;Felix i;2
Ladenburg;Memor;2
Lancaster;Secundus ii;2
Leicester;Flavius Germanus (L. Flavius Germanus);2
Leicester;Germanus i;9
Leicester;Abitus (Habitus);4
Leicester;Ain-;2
Leicester;Albanus ii;3
Leicester;Aquitanus;4
Leicester;Atica (Athca)?;2
Leicester;Bassus ii;5
Leicester;Bilicatus (Bilicatos);3
Leicester;C. Ex- Albinus;2
Leicester;C. Silvius Patricius;5
Leicester;Carantus i;6
Leicester;Carillus iii (Carilus);3
Leicester;Castus i;2
Leicester;Cat- i;2
Leicester;Celsus ii;2
Leicester;Censor i;10
Leicester;Cosius Iucundus (A. Co- Iuc-)?;3
Leicester;Cosius Rufinus;5
Leicester;Cotio (Otio)?;2
Leicester;Cotto ii;10
Leicester;Crestio;9
Leicester;Crestus i;8
Leicester;Crispus iii;3
Leicester;Dontio;3
Leicester;Firmo ii;4
Leicester;Frontinus;3
Leicester;Iucundus iii;4
Leicester;Iullinus i;2
Leicester;L. Ter- Secundus;2
Leicester;Levius (Levus?);2
Leicester;Libertus i;3
Leicester;Licinus;3
Leicester;Maccarus i;2
Leicester;Manduilus;4
Leicester;Maponus;2
Leicester;Memor;4
Leicester;Mercator i (Mercatoris)?;5
Leicester;Modestus i;4
Leicester;Moi-;3
Leicester;Mommo;2
Leicester;Mona-;2
Leicester;Mont- Cres- (Montius Cres);5
Leicester;Murranus i;3
Leicester;Nequres;2
Leicester;Niger ii;5
Leicester;Passenus (Passienus);13
Leicester;Patricius i;15
Leicester;Paullus iii;2
Leicester;Pontus (Pontius)?;7
Leicester;Primulus i;3
Leicester;Quadratus ii;2
Leicester;Regenus;2
Leicester;Rufinus iii;11
Leicester;Rufus iii;4
Leicester;Severus iii;14
Leicester;Severus iii-Pud(ens)?;2
Leicester;Sextius Can- (Sex- Can-);3
Leicester;Silvinus ii;2
Leicester;Sulpicius;4
Leicester;Verecundus ii;2
Leicester;Virilis ii;4
Leicester;Virtus i;4
Leicester;Vitalis ii;22
Leicester;Vitalis ii-P-;2
Leicester;Calvus i;13
Leicester;Secundus ii;6
Leicester;Felix i;6
Leicester;Primus iii;10
Leicester;L. Cosius Virilis;4
Leicester;Sabinus iii;4
Leicester;Logirnus;8
Leintwardine;Murranus i;2
Lenzburg;Masclus i (Masculus);2
Lincoln;Crestio;2
Lincoln;Mommo;2
Lincoln;Mont- Cres- (Montius Cres);2
Lincoln;Niger ii;3
Lincoln;Passenus (Passienus);3
Lincoln;Pontus (Pontius)?;2
Lincoln;Secundus i;2
Lincoln;Virilis ii;3
Lincoln;Calvus i;2
Lincoln;Primus iii;4
Lincoln;Sabinus iii;2
Little Chester;C. Silvius Patricius;2
Little Chester;L. Cosius Virilis;2
London;Flavius Germanus (L. Flavius Germanus);11
London;Germanus i;43
London;Martialis i;19
London;Pudens i;8
London;Meddillus (Mesillus);12
London;Abitus (Habitus);12
London;Acco;2
London;Aemilius i;3
London;Albanus ii;46
London;Albinus iii;10
London;Albus i;22
London;Amandus ii;22
London;Aper i;15
London;Apro (Apro-)?;10
London;Aquitanus;53
London;Ardacus ii;25
London;Aucius ii (Aucus or Aucio);10
London;Ave (i) or Avetu or Ave tu or Ave Vale etc.;2
London;Avinius i;3
London;Axo-/Axud-?;5
London;Baccinus i;9
London;Balbus i;2
London;Bassus ii;63
London;Bassus ii-Coelus;16
London;Bassus iii;6
London;Bilicatus (Bilicatos);10
London;Bionis (Bio)?;21
London;Bissunus;7
London;Blaesus ii;3
London;Bollus ii;2
London;C. An- Patr- (Patricius)?;4
London;C. Ex- Albinus;2
London;C. Iulius Celer (Cicelr- etc.);7
London;C. Iulius Primig- (C. Iul- Primic- or G. Iul- Prim- etc.);2
London;C. Iulius Primig- Sur- (C. Iul- Pr- Su- etc.);2
London;C. N- Celsus;5
London;C. Silvius Patricius;25
London;C. Valerius Albanus?;15
London;Cabiatus;7
London;Cabucatus;10
London;Canusinus (Canusinius);3
London;Capitus ii;4
London;Carantus i;12
London;Carbo;12
London;Carillus iii (Carilus);15
London;Castus i;15
London;Castus i-Cant-;7
London;Cat- i;4
London;Celer iii;7
London;Cennatus;2
London;Censor i;43
London;Chrestus;3
London;Cina (Cina-);2
London;Cl- Gemma (Claudius Gemma)?;2
London;Cocus i;2
London;Coelus ii;5
London;Com-;2
London;Compissia-;5
London;Copiro;2
London;Corius;2
London;Cosiu Urap- (Cosius Urappus);3
London;Cosius Iucundus (A. Co- Iuc-)?;24
London;Cosius Rufinus;48
London;Cotio (Otio)?;4
London;Cotto ii;37
London;Crestio;79
London;Crestus i;48
London;Crispus iii;6
London;Cus- i;4
London;Damonus;10
London;Dontio;33
London;Evanus?;8
London;Fabus i;3
London;Fedotus;2
London;Felicio i;17
London;Felix i-Sev-;8
London;Firmo i;7
London;Firmo ii;13
London;Firmus ii;6
London;Flavius Sabinus;6
London;Florus ii;4
London;Frontinus;82
London;Fuscus i or ii;4
London;Fuscus ii;7
London;G. Salarius Aptus;2
London;Gaius i;3
London;Gaius i-Iul-?;4
London;Galbinus;9
London;Gallicanus ii;15
London;Gallus ii;7
London;Genialis i;2
London;Germanus i- And-;2
London;Homobon(us)?;4
London;Iabus?;3
London;Ianua- i;3
London;Ingenuus ii;20
London;Iucundus iii;46
London;Iulius ii;7
London;Iullinus i;26
London;Iunius i;2
London;Iustus i;14
London;L. Iulius Senex;2
London;L. S- Sabinus;6
London;L. Tr- Masculus;20
London;Labio;27
London;Laurus;2
London;Legitumus;9
London;Lentu-;4
London;Libertus i;12
London;Lic- Seve- (Licinius Severus)?;2
London;Licinus;62
London;Licinus-Va-;2
London;Lucceius i;11
London;Lupus ii;7
London;M- ii;4
London;M. Crestio (M- Crestio);7
London;Mabio;3
London;Maccarus i;32
London;Macer i;6
London;Magnus i;4
London;Mai- ii;3
London;Manduilus;23
London;Mansuetus i (Masuetus);3
London;Maponus;3
London;Marcus i;2
London;Marinus i;6
London;Marsus i (Marssus);14
London;Martius ii;7
London;Mas- ii;2
London;Masclinus;4
London;Masclus i-Balbus (Masclius Balbus);6
London;Maso i;2
London;Maternus i (Mate-)?;8
London;Maternus ii (Mater-)?;4
London;Matugenus ii;16
London;Memor;29
London;Mercator i (Mercatoris)?;23
London;Modestus i;109
London;Moi-;20
London;Mommo;70
London;Mon- i;2
London;Mont- Cres- (Montius Cres);27
London;Montanus i;20
London;Mur- Ter-;3
London;Murranus i;116
London;Nequres;27
London;Nestor;6
London;Nicius i;2
London;Niger ii;150
London;Niger ii-And-;9
London;Nomus i;2
London;Onc-Pa-;4
London;Passenus (Passienus);187
London;Pastor i;2
London;Pastor i-Ce-;2
London;Paternus i;2
London;Patricius i;149
London;Paullus iii;3
London;Peregrinus i;9
London;Perrus (Perus);26
London;Piperus;2
London;Polio ii (Pollio);5
London;Ponei- (Pone-);5
London;Ponteius;33
London;Pontus (Pontius)?;68
London;Potitus i;6
London;Primulus i;44
London;Primus iii-Pater;7
London;Primus iii-Sco-;7
London;Pudens ii;10
London;Pugnus i;3
London;Quartus iii;11
London;Quintanus;3
London;Quintio i;14
London;Quintus iii;4
London;Regenus;3
London;Ronicus;2
London;Roppus i;9
London;Rufinus iii;94
London;Rufus ii;3
London;Rufus iii;24
London;Rutaenus;9
London;Rutenus ii;2
London;S- Verius (Sex. Verius)?;17
London;Sabinus iv;3
London;Salvetus i (Salve tu - Salve)?;4
London;Sarrutus;9
London;Scotnus;14
London;Scottius i;2
London;Secundinus i;5
London;Secundus i;22
London;Senecio;3
London;Senicio;28
London;Senomant-;2
London;Sentrus ii;3
London;Senus i (Senius);2
London;Severus iii;152
London;Severus iii-Pud(ens)?;4
London;Sex. Iulius Iucundus;3
London;Sextius Can- (Sex- Can-);3
London;Silvanus i;15
London;Silvinus i;2
London;Silvinus ii;22
London;Sulpicius;24
London;Tabius Virtus (Tabus-Virtus or Tabus-Virutis)?;13
London;Tertius iii;14
London;Tertius iii-G-;2
London;Tetlonis (Tetlo);3
London;Tetus (Tetius);2
London;Tusso;3
London;Urituarus;2
London;Va- Va- (Vava-)?;5
London;Vanderio (Vaderio or Vanderius or Vanderus);9
London;Vapuso (Vapusus);3
London;Vassilius (Vassilus);3
London;Vegetus i;4
London;Verecundus ii;19
London;Vimus (Vimius);2
London;Virilis ii;47
London;Virthus;24
London;Virtus i;29
London;Vitalis i;26
London;Vitalis ii;118
London;Calvus i;123
London;Crucuro i;4
London;Secundus i or ii;7
London;Secundus ii;81
London;Avitus ii;11
London;Celadus;16
London;Elvinus;5
London;Felix i;89
London;L. N- Sabinus;2
London;Paullus i (Paulus);13
London;Primus iii;147
London;Silvius i;16
London;Successus ii (Sucesus);3
London;Iucundus ii;10
London;L. Cosius Virilis;23
London;Calus ii;4
London;Reginus i;2
London;Masclus i (Masculus);64
London;Acutus i;5
London;Sabinus iii;54
London;Manertus;7
London;Logirnus;44
London;Ca- i;2
London;Gra-;3
London;Inea?;3
London;Laetinus;2
London;Lorus (Lorius);4
London;Montius (Montus)?;6
London;Paltinus;2
London;Primanus ii;2
London;T. Calixa (T Caexa or T. C- Aexa)?;3
London;Tettus;4
London;Vaxius?;11
London;Vicarus ii;2
London;Vo- i;5
Loughor;Albanus ii;2
Loughor;Montanus i;2
Loughor;Vitalis ii;4
Lower Machen;Iucundus iii;2
Luxeuil-les-Bains;Germanus i;2
Luxeuil-les-Bains;Iucundus iii;2
Luxeuil-les-Bains;Primulus i;2
Luxeuil-les-Bains;Felix i;2
Luxeuil-les-Bains;Primus iii;2
Maidstone;Licinus;2
Maidstone;Passenus (Passienus);2
Maidstone;Secundus i or ii;2
Mainz;Flavius Germanus (L. Flavius Germanus);22
Mainz;Germanus i;16
Mainz;Martialis i;10
Mainz;Pudens i;11
Mainz;Meddillus (Mesillus);3
Mainz;Primus i;6
Mainz;Abitus (Habitus);4
Mainz;Aemilius i;3
Mainz;Albanus ii;11
Mainz;Albinus iii;6
Mainz;Albus i;11
Mainz;Amandus ii;5
Mainz;Aper i;4
Mainz;Apro (Apro-)?;2
Mainz;Aquitanus;56
Mainz;Ardacus ii;15
Mainz;Ardanus;7
Mainz;Aucius ii (Aucus or Aucio);2
Mainz;Ave (i) or Avetu or Ave tu or Ave Vale etc.;7
Mainz;Bassus ii;58
Mainz;Bassus ii-Coelus;23
Mainz;Bilicatus (Bilicatos);8
Mainz;Bionis (Bio)?;6
Mainz;Bissunus;4
Mainz;Bollus ii;2
Mainz;Buccio i;3
Mainz;C. Cincius Senovirus (G. Cingius);2
Mainz;C. Ex- Albinus;2
Mainz;C. Iulius Vas- (C. Iul- Vas-);2
Mainz;C. N- Celsus;4
Mainz;C. Silvius Patricius;13
Mainz;C. Valerius Albanus?;6
Mainz;Cabucatus;2
Mainz;Cacabio (Cacabus)?;2
Mainz;Calvinus i;2
Mainz;Cantus;5
Mainz;Capito i;3
Mainz;Carantus i;6
Mainz;Carbo;2
Mainz;Carus ii;4
Mainz;Carus iii;3
Mainz;Castus i;7
Mainz;Cat- i;2
Mainz;Celer ii;3
Mainz;Celer iii;3
Mainz;Cennatus;2
Mainz;Censor i;15
Mainz;Chrestus;2
Mainz;Cocus i;7
Mainz;Coelus ii;6
Mainz;Corvinus i;2
Mainz;Cosius Rufinus;16
Mainz;Cotto ii;2
Mainz;Crestio;27
Mainz;Crestus i;21
Mainz;Crispus iii;6
Mainz;Damonus;8
Mainz;Darra (Darrantus)?;6
Mainz;Donatus i;4
Mainz;Dontio;4
Mainz;Fabus i;4
Mainz;Firmo i;10
Mainz;Firmo ii;12
Mainz;Florus ii;2
Mainz;Frontinus;21
Mainz;Fronto ii;2
Mainz;Fuscus i or ii;5
Mainz;Fuscus ii;2
Mainz;G. Salarius Aptus;4
Mainz;Gaius i-Iul-?;2
Mainz;Galbinus;3
Mainz;Gallicanus ii;6
Mainz;Gallus ii;2
Mainz;Ingenuus ii;10
Mainz;Ingenuus iii;2
Mainz;Iucundus iii;11
Mainz;Iulius ii;3
Mainz;Iullinus i;4
Mainz;Iustus i;11
Mainz;L. Iulius Senex;2
Mainz;L. Ter- Secundus;6
Mainz;L. Tr- Masculus;5
Mainz;Labio;11
Mainz;Lauratus;2
Mainz;Laurus;2
Mainz;Legitumus;4
Mainz;Lentu-;3
Mainz;Libertus i;4
Mainz;Licinus;29
Mainz;Lucceius i;4
Mainz;Lupus ii;2
Mainz;Ma- ii;2
Mainz;Maccarus i;38
Mainz;Macer i;4
Mainz;Manduilus;5
Mainz;Marinus i;3
Mainz;Marsus i (Marssus);5
Mainz;Martius ii;2
Mainz;Masclinus;2
Mainz;Matugenus ii;6
Mainz;Melus i;2
Mainz;Memor;12
Mainz;Mercator i (Mercatoris)?;7
Mainz;Modestus i;35
Mainz;Moi-;3
Mainz;Mommo;12
Mainz;Momo;4
Mainz;Mont- Cres- (Montius Cres);9
Mainz;Montanus i;11
Mainz;Murranus i;31
Mainz;Namus ii;3
Mainz;Nequres;4
Mainz;Nestor;3
Mainz;Nicius i;2
Mainz;Niger ii;14
Mainz;Nitor;2
Mainz;Notus;2
Mainz;Oclatus;3
Mainz;Passenus (Passienus);45
Mainz;Pater i;3
Mainz;Patricius i;41
Mainz;Peregrinus i;5
Mainz;Perrus (Perus);4
Mainz;Ponei- (Pone-);2
Mainz;Ponteius;6
Mainz;Pontus (Pontius)?;16
Mainz;Primulus i;9
Mainz;Pudens ii;8
Mainz;Quartio i;3
Mainz;Quartus iii;7
Mainz;Quintanus;6
Mainz;Quintus iii;2
Mainz;Regenus;5
Mainz;Rogatus;7
Mainz;Romanus i;3
Mainz;Roppus i;2
Mainz;Rufinus iii;22
Mainz;Rufus iii;14
Mainz;Rusticus;8
Mainz;Salvetus i (Salve tu - Salve)?;16
Mainz;Santonus;2
Mainz;Sarrutus;5
Mainz;Scotnus;5
Mainz;Scottius i;30
Mainz;Secundinus i;4
Mainz;Secundus i;14
Mainz;Sen-;3
Mainz;Senecio;5
Mainz;Senicio;25
Mainz;Senomant-;4
Mainz;Severus iii;27
Mainz;Sextius Can- (Sex- Can-);4
Mainz;Silanus;2
Mainz;Silvanus i;14
Mainz;Silvinus i;11
Mainz;Silvinus ii;11
Mainz;Sulpicius;9
Mainz;Sumac- (Sumacus)?;4
Mainz;Tabius Virtus (Tabus-Virtus or Tabus-Virutis)?;4
Mainz;Tabus;2
Mainz;Tasgovan-;2
Mainz;Tertius ii;3
Mainz;Tertius iii;4
Mainz;Vac- i;2
Mainz;Vapuso (Vapusus);15
Mainz;Vegetus i;3
Mainz;Ver- ii;2
Mainz;Verecundus ii;7
Mainz;Veriugus;3
Mainz;Virilis ii;22
Mainz;Virthus;7
Mainz;Virtus i;5
Mainz;Vitalis i;13
Mainz;Vitalis ii;59
Mainz;Vitalis ii-P-;2
Mainz;Calvus i;23
Mainz;Secundus i or ii;19
Mainz;Secundus ii;22
Mainz;Avitus ii;3
Mainz;Celadus;7
Mainz;Felix i;26
Mainz;Paullus i (Paulus);6
Mainz;Primus iii;76
Mainz;Silvius i;8
Mainz;Successus ii (Sucesus);3
Mainz;Iucundus ii;6
Mainz;L. Cosius Virilis;17
Mainz;Calus i;5
Mainz;Calus ii;2
Mainz;Masclus i (Masculus);15
Mainz;Acutus i;11
Mainz;Sabinus iii;27
Mainz;Logirnus;12
Mainz;Inea?;2
Mainz;Nic- i;2
Mainz;Sabinianus i;2
Mancetter;Aquitanus;3
Mancetter;Ardacus ii;2
Mancetter;Carillus iii (Carilus);2
Mancetter;Labio;2
Mancetter;Licinus;5
Mancetter;Passenus (Passienus);2
Mancetter;Vanderio (Vaderio or Vanderius or Vanderus);2
Mancetter;Felix i;2
Mancetter;Primus iii;2
Mancetter;Masclus i (Masculus);3
Manchester;Secundinus i;3
Manchester;Calvus i;4
Manchester;L. Cosius Virilis;2
Margidunum;Patricius i;2
Margidunum;Rufinus iii;2
Margidunum;Vitalis ii;2
Margidunum;Calvus i;2
Marköbel;Virilis ii;3
Marköbel;Vitalis ii;5
Mayen;Silvanus i;2
Moers-Asberg;Germanus i;3
Moers-Asberg;Albanus ii;2
Moers-Asberg;Albinus iii;3
Moers-Asberg;Albus i;2
Moers-Asberg;Aper i;2
Moers-Asberg;Aquitanus;20
Moers-Asberg;Ave (i) or Avetu or Ave tu or Ave Vale etc.;2
Moers-Asberg;Bassus ii;17
Moers-Asberg;Bassus ii-Coelus;3
Moers-Asberg;Bilicatus (Bilicatos);5
Moers-Asberg;Bionis (Bio)?;2
Moers-Asberg;Cabiatus;2
Moers-Asberg;Censor i;2
Moers-Asberg;Cocus i;2
Moers-Asberg;Crestio;3
Moers-Asberg;Crestus i;3
Moers-Asberg;Firmo i;2
Moers-Asberg;Firmo ii;2
Moers-Asberg;Formosus;2
Moers-Asberg;Frontinus;3
Moers-Asberg;Geminus i;2
Moers-Asberg;Iucundus iii;3
Moers-Asberg;Iustus i;2
Moers-Asberg;Maccarus i;6
Moers-Asberg;Macer i;2
Moers-Asberg;Melus i;3
Moers-Asberg;Modestus i;4
Moers-Asberg;Moi-;2
Moers-Asberg;Mommo;2
Moers-Asberg;Murranus i;4
Moers-Asberg;Nequres;3
Moers-Asberg;Niger ii;2
Moers-Asberg;Notus;2
Moers-Asberg;Scottius i;2
Moers-Asberg;Vapuso (Vapusus);6
Moers-Asberg;Vitalis ii;3
Moers-Asberg;Calvus i;12
Moers-Asberg;Felix i;2
Moers-Asberg;Iucundus ii;2
Moers-Asberg;Masclus i (Masculus);3
Moers-Asberg;Acutus i;4
Monterberg;Passenus (Passienus);2
Monterberg;Vitalis ii;3
Neuss;Flavius Germanus (L. Flavius Germanus);6
Neuss;Germanus i;12
Neuss;Martialis i;6
Neuss;Pudens i;5
Neuss;Meddillus (Mesillus);2
Neuss;Abitus (Habitus);6
Neuss;Albanus ii;2
Neuss;Albinus iii;5
Neuss;Albus i;11
Neuss;Anteros;2
Neuss;Aper i;4
Neuss;Aquitanus;47
Neuss;Ardacus ii;12
Neuss;Ave (i) or Avetu or Ave tu or Ave Vale etc.;6
Neuss;Baius or Bai-?;2
Neuss;Bassus ii;56
Neuss;Bassus ii-Coelus;8
Neuss;Bassus iii;2
Neuss;Bellicus i;2
Neuss;Bilicatus (Bilicatos);8
Neuss;Bionis (Bio)?;5
Neuss;Bissunus;2
Neuss;C. Silvius Patricius;2
Neuss;Cabiatus;2
Neuss;Cantus;4
Neuss;Capito i;4
Neuss;Carantus i;2
Neuss;Carbo;3
Neuss;Carus ii;3
Neuss;Castus i;4
Neuss;Catlus;3
Neuss;Catus i;2
Neuss;Celer ii;2
Neuss;Cennatus;3
Neuss;Censor i;14
Neuss;Cocirus;2
Neuss;Cocus i;2
Neuss;Coelus ii;4
Neuss;Com-;3
Neuss;Corius;2
Neuss;Cosiu Urap- (Cosius Urappus);4
Neuss;Cosius Iucundus (A. Co- Iuc-)?;2
Neuss;Cosius Rufinus;3
Neuss;Crestio;13
Neuss;Crestus i;5
Neuss;Crispus iii;2
Neuss;Darra (Darrantus)?;10
Neuss;Donatus i;2
Neuss;Dontio;4
Neuss;Fabus i;3
Neuss;Felix i-Sev-;2
Neuss;Firmo i;7
Neuss;Firmo ii;5
Neuss;Flavius Sabinus;2
Neuss;Frontinus;10
Neuss;G. Salarius Aptus;3
Neuss;Ingenuus ii;7
Neuss;Iucundus iii;10
Neuss;Iulius ii;2
Neuss;Iullinus i;5
Neuss;Iunius i;2
Neuss;Iustus i;4
Neuss;Labio;16
Neuss;Lartius;2
Neuss;Lauratus;2
Neuss;Lepidus ii;5
Neuss;Licinus;4
Neuss;Lucceius i;3
Neuss;Lucius ii;3
Neuss;Lupus ii;3
Neuss;Maccarus i;25
Neuss;Maccarus ii;2
Neuss;Macer iv;2
Neuss;Mando;4
Neuss;Mansuetus i (Masuetus);2
Neuss;Maternus ii (Mater-)?;2
Neuss;Memor;5
Neuss;Mercator i (Mercatoris)?;5
Neuss;Modestus i;17
Neuss;Mommo;7
Neuss;Momo;5
Neuss;Mont- Cres- (Montius Cres);10
Neuss;Murranus i;11
Neuss;Namus ii;2
Neuss;Nequres;2
Neuss;Niger ii;11
Neuss;Nobilis i;2
Neuss;Passenus (Passienus);14
Neuss;Patricius i;19
Neuss;Perrus (Perus);8
Neuss;Ponteius;8
Neuss;Pontus (Pontius)?;10
Neuss;Potitus i;2
Neuss;Primulus i;9
Neuss;Primus iii-Sco-;2
Neuss;Quadratus ii;2
Neuss;Quartus iii;8
Neuss;Quintanus;2
Neuss;Quintus iii;2
Neuss;Regenus;4
Neuss;Rogatus;9
Neuss;Roppus i;2
Neuss;Rufinus iii;12
Neuss;Rufus iii;6
Neuss;Rusticus;7
Neuss;Salvetus i (Salve tu - Salve)?;10
Neuss;Sarrutus;6
Neuss;Scotnus;3
Neuss;Scottius i;29
Neuss;Secundus i;24
Neuss;Senicio;6
Neuss;Senomant-;4
Neuss;Sentrus i;2
Neuss;Severus iii;8
Neuss;Sex. Iulius Iucundus;2
Neuss;Silvanus i;10
Neuss;Silvinus i;3
Neuss;Silvinus ii;4
Neuss;Stabilio;2
Neuss;Sulpicius;5
Neuss;T. Audacius (T. Audax or Tandacius);3
Neuss;Tertius iii;6
Neuss;Vapuso (Vapusus);21
Neuss;Verecundus ii;2
Neuss;Virilis ii;9
Neuss;Virthus;5
Neuss;Virtus i;6
Neuss;Vitalis i;2
Neuss;Vitalis ii;32
Neuss;Volus;2
Neuss;Calvus i;34
Neuss;Secundus i or ii;3
Neuss;Secundus ii;12
Neuss;Avitus ii;2
Neuss;Felix i;11
Neuss;Paullus i (Paulus);8
Neuss;Primus iii;31
Neuss;Iucundus ii;5
Neuss;Atepo- (Atepomarus i)?;2
Neuss;Masclus i (Masculus);6
Neuss;Acutus i;15
Neuss;Sabinus iii;11
Neuss;Logirnus;5
Neuss;Sextus i;2
Newstead;Cotto ii;2
Newstead;Frontinus;3
Newstead;Iucundus iii;2
Newstead;Vitalis ii;7
Newstead;Calvus i;3
Newstead;Secundus ii;2
Newstead;Sabinus iii;2
Nijmegen;Flavius Germanus (L. Flavius Germanus);25
Nijmegen;Germanus i;18
Nijmegen;Martialis i;2
Nijmegen;Pudens i;2
Nijmegen;Meddillus (Mesillus);5
Nijmegen;Primus i;3
Nijmegen;Abitus (Habitus);4
Nijmegen;Albanus ii;15
Nijmegen;Albinus iii;2
Nijmegen;Albus i;10
Nijmegen;Amandus ii;4
Nijmegen;Anextlatus;5
Nijmegen;Aper i;4
Nijmegen;Aquitanus;54
Nijmegen;Ardacus ii;10
Nijmegen;Ardanus;2
Nijmegen;Atica (Athca)?;3
Nijmegen;Ave (i) or Avetu or Ave tu or Ave Vale etc.;6
Nijmegen;Aveus ii/Avevus?;2
Nijmegen;Bassinus i;2
Nijmegen;Bassus ii;51
Nijmegen;Bassus ii-Coelus;7
Nijmegen;Bassus iii;6
Nijmegen;Bilicatus (Bilicatos);6
Nijmegen;Billicuro;5
Nijmegen;Bionis (Bio)?;8
Nijmegen;Bissunus;6
Nijmegen;C. Iulius Vas- (C. Iul- Vas-);3
Nijmegen;C. N- Celsus;4
Nijmegen;C. Silvius Patricius;15
Nijmegen;C. Valerius Albanus?;3
Nijmegen;Cabiatus;4
Nijmegen;Caco?;3
Nijmegen;Calvinus i;4
Nijmegen;Cantus;4
Nijmegen;Capito i;6
Nijmegen;Capitus ii;3
Nijmegen;Carantus i;8
Nijmegen;Carbo;5
Nijmegen;Carillus iii (Carilus);5
Nijmegen;Carus ii;2
Nijmegen;Carus iii;2
Nijmegen;Castus i;5
Nijmegen;Castus i-Cant-;2
Nijmegen;Cat- i;4
Nijmegen;Celer iii;4
Nijmegen;Celsus ii;9
Nijmegen;Cennatus;3
Nijmegen;Censor i;22
Nijmegen;Cocus i;3
Nijmegen;Coelus ii;9
Nijmegen;Cosius Iucundus (A. Co- Iuc-)?;3
Nijmegen;Cosius Rufinus;20
Nijmegen;Cotto ii;5
Nijmegen;Crestio;9
Nijmegen;Crestus i;51
Nijmegen;Crispus iii;5
Nijmegen;Darra (Darrantus)?;2
Nijmegen;Dontio;9
Nijmegen;Fabus i;4
Nijmegen;Felicio ii;4
Nijmegen;Firmo i;8
Nijmegen;Firmo ii;4
Nijmegen;Firmus ii;2
Nijmegen;Flavius Sabinus;2
Nijmegen;Frontinus;16
Nijmegen;Fuscus i or ii;2
Nijmegen;Fuscus ii;6
Nijmegen;Galbinus;5
Nijmegen;Gallicanus ii;4
Nijmegen;Gallus ii;2
Nijmegen;Giro;2
Nijmegen;Iucundus iii;28
Nijmegen;Iulius ii;6
Nijmegen;Iullinus i;18
Nijmegen;Iustus i;7
Nijmegen;L. Fabu-;8
Nijmegen;L. Ter- Secundus;6
Nijmegen;L. Tr- Masculus;7
Nijmegen;Labio;12
Nijmegen;Lartius;2
Nijmegen;Lauratus;2
Nijmegen;Libertus i;3
Nijmegen;Lic- Seve- (Licinius Severus)?;2
Nijmegen;Licinus;4
Nijmegen;Lov- (Lou-);2
Nijmegen;Lucius ii;2
Nijmegen;Lupus ii;5
Nijmegen;Luscus (Luscio);2
Nijmegen;M- ii;3
Nijmegen;M. Crestio (M- Crestio);4
Nijmegen;M. Iulius Seve- (M. Iu- Seve-);2
Nijmegen;Ma- ii;3
Nijmegen;Mabio;2
Nijmegen;Maccarus i;22
Nijmegen;Maccarus ii;3
Nijmegen;Macer i;2
Nijmegen;Mando;2
Nijmegen;Marianus i;2
Nijmegen;Marinus i;5
Nijmegen;Mas- ii;2
Nijmegen;Masclinus;4
Nijmegen;Memor;12
Nijmegen;Mercator i (Mercatoris)?;18
Nijmegen;Modestus i;18
Nijmegen;Moi-;13
Nijmegen;Mommo;21
Nijmegen;Momo;4
Nijmegen;Mona-;5
Nijmegen;Monic-?;2
Nijmegen;Mont- Cres- (Montius Cres);12
Nijmegen;Montanus i;8
Nijmegen;Murranus i;18
Nijmegen;Nequres;7
Nijmegen;Niger ii;12
Nijmegen;Notus;2
Nijmegen;Ocel- (Oces-)?;2
Nijmegen;Passenus (Passienus);30
Nijmegen;Patricius i;58
Nijmegen;Paullus iii;3
Nijmegen;Peregrinus i;9
Nijmegen;Perrus (Perus);14
Nijmegen;Pilemus;2
Nijmegen;Ponteius;6
Nijmegen;Pontus (Pontius)?;12
Nijmegen;Primulus i;16
Nijmegen;Primus iii-Pater;2
Nijmegen;Primus iii-Sco-;5
Nijmegen;Pudens ii;2
Nijmegen;Quadratus ii;2
Nijmegen;Quartus iii;7
Nijmegen;Quintanus;2
Nijmegen;Quintio i;3
Nijmegen;Quintus iii;3
Nijmegen;Regenus;3
Nijmegen;Rogatus;2
Nijmegen;Rufinus iii;28
Nijmegen;Rufus ii;3
Nijmegen;Rufus iii;23
Nijmegen;Rutaenus;3
Nijmegen;S- Verius (Sex. Verius)?;3
Nijmegen;Salvetus i (Salve tu - Salve)?;8
Nijmegen;Sarrutus;6
Nijmegen;Scotnus;4
Nijmegen;Scottius i;18
Nijmegen;Secundus i;10
Nijmegen;Senecio;2
Nijmegen;Senicio;2
Nijmegen;Senomant-;4
Nijmegen;Sentrus ii;2
Nijmegen;Severus iii;40
Nijmegen;Sextius Can- (Sex- Can-);8
Nijmegen;Silvanus i;15
Nijmegen;Silvinus ii;7
Nijmegen;Sulpicius;20
Nijmegen;T. Audacius (T. Audax or Tandacius);4
Nijmegen;Tabius Virtus (Tabus-Virtus or Tabus-Virutis)?;3
Nijmegen;Tertius ii;3
Nijmegen;Tertius iii;8
Nijmegen;Vanderio (Vaderio or Vanderius or Vanderus);10
Nijmegen;Vapuso (Vapusus);6
Nijmegen;Verecundus ii;2
Nijmegen;Vir- Coc- (Virilis i-Cocus i);3
Nijmegen;Virilis ii;21
Nijmegen;Virthus;2
Nijmegen;Virtus i;3
Nijmegen;Vitalis ii;81
Nijmegen;Vitalis ii-P-;2
Nijmegen;Volus;2
Nijmegen;Votornus;2
Nijmegen;Calvus i;75
Nijmegen;Secundus ii;29
Nijmegen;Avitus ii;2
Nijmegen;Celadus;2
Nijmegen;Felix i;15
Nijmegen;Paullus i (Paulus);5
Nijmegen;Primus iii;50
Nijmegen;Iucundus ii;5
Nijmegen;L. Cosius Virilis;21
Nijmegen;Calus ii;2
Nijmegen;Rufinus ii;2
Nijmegen;Masclus i (Masculus);6
Nijmegen;Acutus i;7
Nijmegen;Sabinus iii;14
Nijmegen;Logirnus;9
Nijmegen;Inea?;2
Nijmegen;Umius (Umus)?;2
Nijmegen;Vaxius?;2
Nijmegen;Vonus (Vonius);4
Northchurch;Niger ii;2
Northchurch;Passenus (Passienus);2
Northchurch;Felix i;2
Northwich;Germanus i;2
Oberflorstadt;Crispus iii;2
Oberflorstadt;L. Cosius Virilis;2
Oberstimm;Germanus i;3
Oberstimm;Aper i;2
Oberstimm;Aquitanus;7
Oberstimm;Bassus ii;4
Oberstimm;Billicuro;3
Oberstimm;C. Iulius Primig- (C. Iul- Primic- or G. Iul- Prim- etc.);2
Oberstimm;Censor i;3
Oberstimm;Com-;2
Oberstimm;Cosius Iucundus (A. Co- Iuc-)?;2
Oberstimm;Frontinus;3
Oberstimm;Maccarus i;2
Oberstimm;Mommo;2
Oberstimm;Passenus (Passienus);4
Oberstimm;Patricius i;4
Oberstimm;Severus iii;2
Oberstimm;Sextius Can- (Sex- Can-);2
Oberstimm;Vitalis ii;9
Oberstimm;Calvus i;3
Oberstimm;Primus iii;2
Oedeburg;Germanus i;2
Okarben;Patricius i;2
Okarben;Sulpicius;3
Okarben;Virilis ii;2
Old Winteringham;Murranus i;2
Old Winteringham;Passenus (Passienus);2
Osthofen;Salvetus i (Salve tu - Salve)?;2
Ouddorp;Vitalis ii;2
Owslebury;Damonus;2
Pakenham;Crestio;2
Pakenham;Passenus (Passienus);2
Pakenham;Rufinus iii;3
Pakenham;Severus iii;2
Pakenham;Vitalis ii;2
Pakenham;Masclus i (Masculus);2
Pfünz;Gallicanus ii;2
Poundbury;Severus iii;2
Regensburg;Frontinus;2
Regensburg;Calvus i;3
Regensburg;Sabinus iii;2
Remagen;Virilis ii;2
Rheingönheim;Abitus (Habitus);2
Rheingönheim;Albus i;2
Rheingönheim;Aquitanus;8
Rheingönheim;Bassus ii;3
Rheingönheim;Labio;2
Rheingönheim;Licinus;6
Rheingönheim;Maccarus i;3
Rheingönheim;Murranus i;2
Rheingönheim;Patricius i;2
Rheingönheim;Secundus i;3
Rheingönheim;Virthus;2
Rheingönheim;Felix i;3
Rheingönheim;Primus iii;2
Rheingönheim;Sabinus iii;2
Rheinzabern;Flavius Germanus (L. Flavius Germanus);2
Rheinzabern;Meddillus (Mesillus);2
Rheinzabern;Aquitanus;5
Rheinzabern;Dontio;5
Rheinzabern;Frontinus;2
Rheinzabern;Iucundus iii;2
Rheinzabern;Licinus;2
Rheinzabern;Mercator i (Mercatoris)?;3
Rheinzabern;Mommo;2
Rheinzabern;Niger ii;2
Rheinzabern;Passenus (Passienus);3
Rheinzabern;Patricius i;3
Rheinzabern;Quintus iii;2
Rheinzabern;Rufinus iii;3
Rheinzabern;Rusticus;2
Rheinzabern;Salvetus i (Salve tu - Salve)?;2
Rheinzabern;Sulpicius;2
Rheinzabern;Verecundus ii;2
Rheinzabern;Virilis ii;2
Rheinzabern;Virthus;2
Rheinzabern;Vitalis ii;3
Rheinzabern;Calvus i;4
Rheinzabern;Secundus ii;2
Rheinzabern;Primus iii;5
Rheinzabern;L. Cosius Virilis;5
Rheinzabern;Masclus i (Masculus);2
Rheinzabern;Logirnus;2
Ribchester;C. Valerius Albanus?;2
Ribchester;Censor i;3
Ribchester;Coelus ii;2
Ribchester;Frontinus;4
Ribchester;Iucundus iii;2
Ribchester;Patricius i;4
Ribchester;Peregrinus i;2
Ribchester;Severus iii;2
Ribchester;Calvus i;3
Ribchester;L. Cosius Virilis;5
Ribchester;Sabinus iii;2
Richborough;Germanus i;15
Richborough;Martialis i;4
Richborough;Aemilius i;2
Richborough;Albanus ii;7
Richborough;Albus i;2
Richborough;Amandus ii;2
Richborough;Aper i;2
Richborough;Apro (Apro-)?;4
Richborough;Aquitanus;20
Richborough;Ardacus ii;6
Richborough;Balbus i;2
Richborough;Bassus ii;14
Richborough;Bassus ii-Coelus;4
Richborough;Buccio i;3
Richborough;C. Iulius Celer (Cicelr- etc.);2
Richborough;C. N- Celsus;5
Richborough;C. Silvius Patricius;9
Richborough;C. Valerius Albanus?;6
Richborough;Cabiatus;3
Richborough;Calvica- (Calvica);2
Richborough;Calvinus i;2
Richborough;Capito i;2
Richborough;Carantus i;5
Richborough;Castus i;3
Richborough;Castus i-Cant-;2
Richborough;Celer iii;3
Richborough;Censor i;10
Richborough;Cl- Gemma (Claudius Gemma)?;2
Richborough;Coelus ii;2
Richborough;Cosiu Urap- (Cosius Urappus);2
Richborough;Cosius Rufinus;7
Richborough;Cotto ii;3
Richborough;Crestio;10
Richborough;Crestus i;5
Richborough;Crispus iii;2
Richborough;Dontio;2
Richborough;Felicio i;2
Richborough;Firmo ii;8
Richborough;Firmus ii;2
Richborough;Florus ii;2
Richborough;Frontinus;13
Richborough;Gallus ii;3
Richborough;Ianua- i;2
Richborough;Ingenuus ii;5
Richborough;Iucundus iii;7
Richborough;Iullinus i;5
Richborough;Iustus i;4
Richborough;L. S- Sabinus;2
Richborough;Labio;2
Richborough;Licinus;24
Richborough;Lupus ii;3
Richborough;Maccarus i;8
Richborough;Mai- ii;2
Richborough;Manduilus;2
Richborough;Mansuetus i (Masuetus);2
Richborough;Maponus;2
Richborough;Marsus i (Marssus);3
Richborough;Masclus i-Balbus (Masclius Balbus);2
Richborough;Maternus ii (Mater-)?;2
Richborough;Matugenus ii;4
Richborough;Memor;6
Richborough;Mercator i (Mercatoris)?;6
Richborough;Modestus i;16
Richborough;Moi-;3
Richborough;Mommo;15
Richborough;Mont- Cres- (Montius Cres);5
Richborough;Montanus i;2
Richborough;Murranus i;20
Richborough;Niger ii;24
Richborough;Onuc-?;2
Richborough;Passenus (Passienus);25
Richborough;Pastor i-Ce-;2
Richborough;Patricius i;22
Richborough;Peregrinus i;2
Richborough;Perrus (Perus);2
Richborough;Ponteius;3
Richborough;Pontus (Pontius)?;6
Richborough;Primulus i;4
Richborough;Primus iii-Pater;2
Richborough;Pudens ii;2
Richborough;Quintio i;2
Richborough;Regenus;2
Richborough;Roppus i;4
Richborough;Rufinus iii;16
Richborough;Rufus iii;3
Richborough;Rutaenus;2
Richborough;S- Verius (Sex. Verius)?;2
Richborough;Sarrutus;2
Richborough;Scotnus;3
Richborough;Scottius i;2
Richborough;Secundus i;6
Richborough;Senicio;8
Richborough;Sentrus ii;2
Richborough;Severus iii;26
Richborough;Silvinus ii;7
Richborough;Sulpicius;5
Richborough;Tertius iii;3
Richborough;Verecundus ii;2
Richborough;Virilis ii;12
Richborough;Virtus i;4
Richborough;Vitalis i;7
Richborough;Vitalis ii;32
Richborough;Calvus i;25
Richborough;Crucuro i;2
Richborough;Secundus ii;16
Richborough;Felix i;10
Richborough;Paullus i (Paulus);4
Richborough;Primus iii;33
Richborough;Silvius i;3
Richborough;Iucundus ii;3
Richborough;L. Cosius Virilis;8
Richborough;Masclus i (Masculus);10
Richborough;Florus iv;2
Richborough;Sabinus iii;12
Richborough;Logirnus;9
Riegel;Germanus i;8
Riegel;Aquitanus;5
Riegel;Bassus ii;2
Riegel;C. Cincius Senovirus (G. Cingius);2
Riegel;Crestus i;3
Riegel;Frontinus;5
Riegel;Licinus;3
Riegel;Murranus i;2
Riegel;Perrus (Perus);2
Riegel;Pontus (Pontius)?;2
Riegel;Rufinus iii;2
Riegel;Senecio;2
Riegel;Senicio;3
Riegel;Severus iii;2
Riegel;Sulpicius;2
Riegel;Vitalis ii;9
Riegel;Secundus ii;2
Riegel;Primus iii;3
Riegel;Silvius i;2
Rißtissen;Germanus i;2
Rißtissen;Aquitanus;3
Rißtissen;Bassus ii;2
Rißtissen;Bassus ii-Coelus;2
Rißtissen;Modestus i;2
Rißtissen;Mommo;2
Rißtissen;Niger ii;2
Rißtissen;Sarrutus;2
Rißtissen;Severus iii;2
Rißtissen;Calvus i;2
Rißtissen;Primus iii;2
Rocester;Carantus i;2
Rocester;Censor i;5
Rocester;Iullinus i;4
Rocester;L. Ter- Secundus;3
Rocester;Mercator i (Mercatoris)?;3
Rocester;Murranus i;3
Rocester;Vitalis ii;3
Rochester;Frontinus;2
Rochester;Vitalis ii;2
Rossum;L. Tr- Masculus;3
Rossum;Memor;2
Rossum;Passenus (Passienus);2
Rossum;Severus iii;3
Rossum;Vitalis ii;2
Rottenburg;Sabinus iii;2
Rottweil;Natalis i;2
Rottweil;Germanus i;22
Rottweil;Meddillus (Mesillus);3
Rottweil;Albanus ii;7
Rottweil;Aper i;2
Rottweil;Bassus ii;2
Rottweil;Bissunus;2
Rottweil;C. Cincius Senovirus (G. Cingius);3
Rottweil;C. Iulius Primig- (C. Iul- Primic- or G. Iul- Prim- etc.);5
Rottweil;C. Valerius Albanus?;3
Rottweil;Cabucatus;2
Rottweil;Censor i;6
Rottweil;Coelus ii;4
Rottweil;Crestio;2
Rottweil;Crestus i;10
Rottweil;Dontio;2
Rottweil;Firmo ii;2
Rottweil;Frontinus;16
Rottweil;Fuscus ii;2
Rottweil;Iucundus iii;6
Rottweil;Iullinus i;2
Rottweil;L. Ag- Fic-;2
Rottweil;M. Crestio (M- Crestio);2
Rottweil;Memor;4
Rottweil;Mercator i (Mercatoris)?;2
Rottweil;Moi-;2
Rottweil;Mommo;6
Rottweil;Mont- Cres- (Montius Cres);2
Rottweil;Montanus i;3
Rottweil;Murranus i;5
Rottweil;Nequres;3
Rottweil;Niger ii;2
Rottweil;Ocel- (Oces-)?;2
Rottweil;Passenus (Passienus);4
Rottweil;Patricius i;2
Rottweil;Pontus (Pontius)?;4
Rottweil;Pudens ii;2
Rottweil;Rufinus iii;3
Rottweil;Sarrutus;4
Rottweil;Severus iii;5
Rottweil;Silvinus ii;3
Rottweil;Sulpicius;4
Rottweil;T. Iulius Aplastus;2
Rottweil;Virilis ii;6
Rottweil;Virtus i;5
Rottweil;Vitalis ii;42
Rottweil;Calvus i;36
Rottweil;Crucuro i;2
Rottweil;Secundus ii;8
Rottweil;Primus iii;3
Rottweil;L. Cosius Virilis;13
Rottweil;Sabinus iii;2
Rottweil;Logirnus;4
Saalburg;Flavius Germanus (L. Flavius Germanus);7
Saalburg;Bassus iii;2
Saalburg;C. Iulius Primig- (C. Iul- Primic- or G. Iul- Prim- etc.);3
Saalburg;Censor i;4
Saalburg;Coelus ii;2
Saalburg;Crestus i;3
Saalburg;Frontinus;3
Saalburg;Fuscus ii;9
Saalburg;L. Ter- Secundus;2
Saalburg;L. Tr- Masculus;2
Saalburg;Lic- Seve- (Licinius Severus)?;2
Saalburg;Mercator i (Mercatoris)?;2
Saalburg;Mommo;3
Saalburg;Patricius i;3
Saalburg;Pontus (Pontius)?;2
Saalburg;Secundinus i;2
Saalburg;Severus iii;9
Saalburg;Sextius Can- (Sex- Can-);5
Saalburg;Sulpicius;5
Saalburg;Tabius Virtus (Tabus-Virtus or Tabus-Virutis)?;3
Saalburg;Virilis ii;4
Saalburg;Vitalis ii;6
Saalburg;Calvus i;3
Saalburg;L. Cosius Virilis;13
Salzburg;Germanus i;4
Salzburg;Meddillus (Mesillus);2
Salzburg;Crestio;2
Salzburg;Calvus i;3
Sandwich;Severus iii;2
Sandy;Modestus i;3
Sandy;Ponteius;2
Sandy;Severus iii;2
Schleitheim;Germanus i;11
Schleitheim;Bassus ii;2
Schleitheim;Frontinus;3
Schleitheim;Memor;2
Schleitheim;Mommo;5
Schleitheim;Passenus (Passienus);2
Schleitheim;Vitalis ii;6
Schleitheim;Calvus i;3
Schleitheim;Secundus ii;3
Schleitheim;Primus iii;2
Schleitheim;Logirnus;2
Scole;Passenus (Passienus);2
Scole;Patricius i;2
Sea Mills;Matugenus ii;2
Sea Mills;Calvus i;2
Sea Mills;Primus iii;3
Seebruck;Germanus i;2
Seebruck;Aquitanus;3
Seebruck;Frontinus;2
Seebruck;Passenus (Passienus);2
Seebruck;Sulpicius;2
Seebruck;Calvus i;3
Seebruck;Primus iii;2
Silchester;Germanus i;4
Silchester;Martialis i;3
Silchester;Abitus (Habitus);2
Silchester;Albinus iii;3
Silchester;Albus i;3
Silchester;Anextlatus;3
Silchester;Aquitanus;7
Silchester;Ardacus ii;5
Silchester;Bassus ii;2
Silchester;Bollus ii;2
Silchester;Capito i;2
Silchester;Carantus i;2
Silchester;Castus i;2
Silchester;Censor i;5
Silchester;Coelus ii;2
Silchester;Cosius Rufinus;4
Silchester;Crestio;7
Silchester;Crestus i;5
Silchester;Damonus;5
Silchester;Frontinus;2
Silchester;Ingenuus ii;2
Silchester;Iucundus iii;4
Silchester;Iullinus i;2
Silchester;Iustus i;2
Silchester;Labio;3
Silchester;Licinus;16
Silchester;Maccarus i;5
Silchester;Marsus i (Marssus);2
Silchester;Memor;3
Silchester;Mercator i (Mercatoris)?;3
Silchester;Modestus i;7
Silchester;Mommo;3
Silchester;Mont- Cres- (Montius Cres);2
Silchester;Nequres;2
Silchester;Niger ii;9
Silchester;Passenus (Passienus);11
Silchester;Patricius i;19
Silchester;Peregrinus i;3
Silchester;Perrus (Perus);2
Silchester;Pontus (Pontius)?;2
Silchester;Rufinus iii;3
Silchester;Rufus iii;2
Silchester;Scottius i;9
Silchester;Senicio;2
Silchester;Severus iii;13
Silchester;Silvanus i;6
Silchester;Tertius iii;2
Silchester;Virilis ii;2
Silchester;Virtus i;2
Silchester;Vitalis ii;6
Silchester;Calvus i;4
Silchester;Secundus ii;2
Silchester;Felix i;7
Silchester;Paullus i (Paulus);3
Silchester;Primus iii;13
Silchester;L. Cosius Virilis;2
Silchester;Masclus i (Masculus);4
Silchester;Acutus i;9
Silchester;Sabinus iii;6
Silchester;Logirnus;6
Southampton;Niger ii;2
Southampton;Sabinus iii;2
Southwark;Germanus i;3
Southwark;Martialis i;2
Southwark;Abitus (Habitus);2
Southwark;Albanus ii;8
Southwark;Albinus iii;2
Southwark;Aquitanus;5
Southwark;Bassus ii;6
Southwark;Bionis (Bio)?;3
Southwark;C. Silvius Patricius;2
Southwark;Censor i;4
Southwark;Cotto ii;2
Southwark;Crestio;4
Southwark;Crestus i;4
Southwark;Dontio;2
Southwark;Firmo ii;3
Southwark;Florus ii;2
Southwark;Frontinus;3
Southwark;Iucundus iii;3
Southwark;Licinus;8
Southwark;Maccarus i;3
Southwark;Martius ii;3
Southwark;Matugenus ii;2
Southwark;Memor;2
Southwark;Modestus i;8
Southwark;Mommo;8
Southwark;Montanus i;2
Southwark;Murranus i;7
Southwark;Niger ii;14
Southwark;Notus;2
Southwark;Passenus (Passienus);15
Southwark;Patricius i;11
Southwark;Perrus (Perus);2
Southwark;Ponteius;3
Southwark;Pontus (Pontius)?;2
Southwark;Quartus iii;3
Southwark;Rufinus iii;4
Southwark;Rufus iii;2
Southwark;Scotnus;2
Southwark;Senicio;2
Southwark;Severus iii;9
Southwark;Silvinus ii;2
Southwark;Sulpicius;2
Southwark;Tabius Virtus (Tabus-Virtus or Tabus-Virutis)?;2
Southwark;Verecundus ii;2
Southwark;Virilis ii;2
Southwark;Virthus;2
Southwark;Vitalis i;3
Southwark;Vitalis ii;2
Southwark;Calvus i;6
Southwark;Secundus ii;2
Southwark;Felix i;9
Southwark;Paullus i (Paulus);3
Southwark;Primus iii;6
Southwark;Masclus i (Masculus);8
Southwark;Sabinus iii;2
Southwark;Logirnus;2
Sparsholt;Severus iii;2
Speyer;Albanus ii;2
Speyer;Cabiatus;2
Speyer;Licinus;3
Speyer;Montanus i;2
Speyer;Patricius i;3
Speyer;Silvanus i;2
Speyer;Vitalis ii;3
Speyer;Primus iii;2
Speyer;L. Cosius Virilis;2
Speyer;Logirnus;2
Speyer;Ter-;2
Springhead;Germanus i;3
Springhead;Albus i;2
Springhead;Ardacus ii;2
Springhead;Cosius Iucundus (A. Co- Iuc-)?;2
Springhead;Cotto ii;3
Springhead;Frontinus;4
Springhead;Maccarus i;2
Springhead;Matugenus ii;2
Springhead;Modestus i;5
Springhead;Niger ii;2
Springhead;Passenus (Passienus);3
Springhead;Patricius i;2
Springhead;Peregrinus i;3
Springhead;Ponteius;2
Springhead;Pontus (Pontius)?;2
Springhead;Rufinus iii;3
Springhead;Rufus iii;2
Springhead;Severus iii;3
Springhead;Vitalis ii;4
Springhead;Calvus i;2
Springhead;Felix i;4
Springhead;Primus iii;7
Springhead;Masclus i (Masculus);3
Sremska Mitrovica;Secundus i;2
Staines;Niger ii;2
Staines;Passenus (Passienus);2
Staines;Rufinus iii;2
Staines;Severus iii;2
Staines;Calvus i;3
Stanfordbury;Cocus i;2
Steincheshof;Vitalis ii;2
Stockstadt;Coelus ii;2
Stockstadt;Severus iii;3
Stockstadt;Vitalis ii;4
Stockstadt;L. Cosius Virilis;3
Strasbourg;Flavius Germanus (L. Flavius Germanus);9
Strasbourg;Germanus i;17
Strasbourg;Martialis i;2
Strasbourg;Primus i;2
Strasbourg;Abitus (Habitus);4
Strasbourg;Albanus ii;3
Strasbourg;Albinus iii;3
Strasbourg;Albus i;5
Strasbourg;Amandus ii;4
Strasbourg;Anteros;2
Strasbourg;Aper i;2
Strasbourg;Aquitanus;29
Strasbourg;Ardacus ii;5
Strasbourg;Aurelius i (Aurelus);2
Strasbourg;Balbus i;3
Strasbourg;Bassus ii;37
Strasbourg;Bassus ii-Coelus;10
Strasbourg;Bassus iii;6
Strasbourg;Bellicus i;2
Strasbourg;Bilicatus (Bilicatos);7
Strasbourg;Bionis (Bio)?;3
Strasbourg;Bissunus;3
Strasbourg;C. Iulius Primig- (C. Iul- Primic- or G. Iul- Prim- etc.);2
Strasbourg;C. Iulius Vas- (C. Iul- Vas-);3
Strasbourg;C. N- Celsus;2
Strasbourg;C. Silvius Patricius;5
Strasbourg;Cabiatus;2
Strasbourg;Cabucatus;2
Strasbourg;Calvinus i;3
Strasbourg;Cantus;2
Strasbourg;Capito i;2
Strasbourg;Carantus i;4
Strasbourg;Carbo;6
Strasbourg;Carillus iii (Carilus);4
Strasbourg;Carus iii;2
Strasbourg;Castus i;6
Strasbourg;Catlus;5
Strasbourg;Celsus ii;5
Strasbourg;Censor i;16
Strasbourg;Cirro;2
Strasbourg;Coelus ii;9
Strasbourg;Cosius Iucundus (A. Co- Iuc-)?;2
Strasbourg;Cosius Rufinus;13
Strasbourg;Cotio (Otio)?;2
Strasbourg;Crestio;8
Strasbourg;Crestus i;19
Strasbourg;Crispus iii;9
Strasbourg;Damonus;2
Strasbourg;Darra (Darrantus)?;2
Strasbourg;Firmo i;3
Strasbourg;Firmo ii;3
Strasbourg;Flavius Sabinus;3
Strasbourg;Frontinus;8
Strasbourg;Fuscus ii;3
Strasbourg;Girro;2
Strasbourg;Ingenuus iii;6
Strasbourg;Iucundus iii;8
Strasbourg;Iullinus i;3
Strasbourg;Iustus i;6
Strasbourg;L. Tr- Masculus;5
Strasbourg;Labio;2
Strasbourg;Licinus;4
Strasbourg;Lupus ii;3
Strasbourg;M. Crestio (M- Crestio);2
Strasbourg;M. Iulius Seve- (M. Iu- Seve-);2
Strasbourg;Maccarus i;13
Strasbourg;Macrinus i;2
Strasbourg;Matugenus ii;2
Strasbourg;Melus i;2
Strasbourg;Memor;3
Strasbourg;Mercator i (Mercatoris)?;7
Strasbourg;Modestus i;9
Strasbourg;Mommo;7
Strasbourg;Mona-;2
Strasbourg;Mont- Cres- (Montius Cres);4
Strasbourg;Montanus i;7
Strasbourg;Murranus i;8
Strasbourg;Nequres;5
Strasbourg;Niger ii;11
Strasbourg;Ocel- (Oces-)?;2
Strasbourg;Passenus (Passienus);18
Strasbourg;Patricius i;15
Strasbourg;Paullus iii;2
Strasbourg;Peregrinus i;2
Strasbourg;Perrus (Perus);6
Strasbourg;Polio ii (Pollio);2
Strasbourg;Ponteius;3
Strasbourg;Pontus (Pontius)?;10
Strasbourg;Primulus i;4
Strasbourg;Primus iii-Sco-;3
Strasbourg;Quartus iii;3
Strasbourg;Quintus iii;3
Strasbourg;Regenus;4
Strasbourg;Rogatus;5
Strasbourg;Ronicus;3
Strasbourg;Roppus i;2
Strasbourg;Rufinus iii;7
Strasbourg;Rufus ii;2
Strasbourg;Rufus iii;7
Strasbourg;Rusticus;2
Strasbourg;Salvetus i (Salve tu - Salve)?;10
Strasbourg;Scoppus;3
Strasbourg;Scottius i;16
Strasbourg;Secundus i;18
Strasbourg;Senicio;11
Strasbourg;Severus ii;2
Strasbourg;Severus iii;16
Strasbourg;Sextius Can- (Sex- Can-);2
Strasbourg;Silvanus i;3
Strasbourg;Silvinus i;2
Strasbourg;Silvinus ii;2
Strasbourg;Stabilio;2
Strasbourg;Sulpicius;9
Strasbourg;T. Audacius (T. Audax or Tandacius);3
Strasbourg;Tertius iii;4
Strasbourg;Vac- i;2
Strasbourg;Vapuso (Vapusus);10
Strasbourg;Virilis ii;10
Strasbourg;Virthus;2
Strasbourg;Virtus i;2
Strasbourg;Vitalis i;3
Strasbourg;Vitalis ii;31
Strasbourg;Volus;2
Strasbourg;Calvus i;38
Strasbourg;Secundus ii;19
Strasbourg;Celadus;2
Strasbourg;Felix i;16
Strasbourg;Paullus i (Paulus);3
Strasbourg;Primus iii;19
Strasbourg;Silvius i;3
Strasbourg;Iucundus ii;2
Strasbourg;L. Cosius Virilis;19
Strasbourg;Masclus i (Masculus);4
Strasbourg;Acutus i;6
Strasbourg;Sabinus iii;10
Strasbourg;Logirnus;8
Strasbourg;Luppa i;2
Strasbourg;Tritus i;2
Strasbourg;Verus ii;2
Straubing;Natalis i;3
Straubing;Germanus i;3
Straubing;C. Cincius Senovirus (G. Cingius);2
Straubing;C. Iulius Primig- (C. Iul- Primic- or G. Iul- Prim- etc.);3
Straubing;Coelus ii;2
Straubing;Frontinus;3
Straubing;Mona-;2
Straubing;Patricius i;3
Straubing;Sulpicius;2
Straubing;Vitalis ii;2
Straubing;Calvus i;3
Straubing;L. Cosius Virilis;2
Straubing;Sabinus iii;2
Sulz;Germanus i;2
Szombathely;Vitalis ii;2
Templeborough;Vitalis ii;2
Tiddington;Passenus (Passienus);2
Tiverton;Niger ii;2
Towcester;Ponteius;2
Towcester;Sabinus iii;2
Ubbergen;Primus iii;2
Unterkirchberg;Frontinus;2
Unterkirchberg;Manduilus;2
Unterkirchberg;Niger ii;2
Usk;Amandus ii;4
Usk;Aquitanus;5
Usk;Bassus ii-Coelus;2
Usk;Crestio;2
Usk;Firmo ii;4
Usk;Licinus;5
Usk;Lupus ii;2
Usk;Magnus i;2
Usk;Modestus i;7
Usk;Mommo;5
Usk;Murranus i;5
Usk;Nestor;2
Usk;Niger ii;11
Usk;Passenus (Passienus);11
Usk;Perrus (Perus);2
Usk;Rutaenus;3
Usk;Secundus i;2
Usk;Vitalis i;2
Usk;Felix i;18
Usk;Primus iii;5
Usk;Masclus i (Masculus);4
Usk;Sabinus iii;5
Usk;Logirnus;3
Utrecht;Aquitanus;9
Utrecht;Bassus ii;6
Utrecht;Felix i-Sev-;2
Utrecht;Mercator i (Mercatoris)?;3
Utrecht;Vitalis ii;3
Utrecht;Sabinus iii;2
Valkenburg;Flavius Germanus (L. Flavius Germanus);5
Valkenburg;Germanus i;8
Valkenburg;Martialis i;2
Valkenburg;Pudens i;3
Valkenburg;Albanus ii;4
Valkenburg;Albinus iii;2
Valkenburg;Albus i;7
Valkenburg;Amabilis i;2
Valkenburg;Amandus ii;2
Valkenburg;Amar- (Amarus or Amaricus);2
Valkenburg;Apro (Apro-)?;4
Valkenburg;Aquitanus;23
Valkenburg;Ardacus ii;6
Valkenburg;Ardanus;3
Valkenburg;Bassus ii;38
Valkenburg;Bassus ii-Coelus;2
Valkenburg;Billicuro;2
Valkenburg;Bionis (Bio)?;7
Valkenburg;Bollus ii;2
Valkenburg;Buccio i;2
Valkenburg;Cabuca;3
Valkenburg;Cacabio (Cacabus)?;2
Valkenburg;Carantus i;5
Valkenburg;Castus i;3
Valkenburg;Cat- i;2
Valkenburg;Celer iii;2
Valkenburg;Censor i;9
Valkenburg;Chrestus;2
Valkenburg;Cl- Gemma (Claudius Gemma)?;2
Valkenburg;Coelus ii;2
Valkenburg;Cosius Iucundus (A. Co- Iuc-)?;4
Valkenburg;Cosius Rufinus;3
Valkenburg;Cotto ii;3
Valkenburg;Crestio;11
Valkenburg;Crestus i;7
Valkenburg;Crispus iii;4
Valkenburg;Diocarus;2
Valkenburg;Dontio;4
Valkenburg;Fabus i;3
Valkenburg;Firmo i;5
Valkenburg;Firmo ii;2
Valkenburg;Frontinus;8
Valkenburg;Fronto ii;4
Valkenburg;Fuscus ii;4
Valkenburg;G. Salarius Aptus;3
Valkenburg;Gallus ii;6
Valkenburg;Ingenuus ii;3
Valkenburg;Iucundus iii;12
Valkenburg;Iullinus i;5
Valkenburg;Iustus i;3
Valkenburg;L. Ter- Secundus;4
Valkenburg;Labio;6
Valkenburg;Lartius;2
Valkenburg;Licinus;7
Valkenburg;Lucceius i;5
Valkenburg;Lucius ii;2
Valkenburg;Lupus ii;2
Valkenburg;M- ii;2
Valkenburg;Maccarus i;12
Valkenburg;Macer i;2
Valkenburg;Manduilus;3
Valkenburg;Mansuetus i (Masuetus);2
Valkenburg;Marinus i;2
Valkenburg;Marsus i (Marssus);3
Valkenburg;Memor;6
Valkenburg;Mercator i (Mercatoris)?;5
Valkenburg;Modestus i;13
Valkenburg;Moi-;3
Valkenburg;Mommo;5
Valkenburg;Momo;4
Valkenburg;Mont- Cres- (Montius Cres);3
Valkenburg;Montanus i;2
Valkenburg;Murranus i;8
Valkenburg;Nequres;2
Valkenburg;Niger ii;10
Valkenburg;Ocel- (Oces-)?;2
Valkenburg;Onuc-?;3
Valkenburg;Ortius Paullus;2
Valkenburg;Passenus (Passienus);13
Valkenburg;Patricius i;18
Valkenburg;Perrus (Perus);5
Valkenburg;Ponteius;3
Valkenburg;Pontus (Pontius)?;2
Valkenburg;Potitus i;5
Valkenburg;Primulus i;3
Valkenburg;Protis;2
Valkenburg;Quartus iii;3
Valkenburg;Quintanus;2
Valkenburg;Quintus iii;3
Valkenburg;Rogatus;3
Valkenburg;Roppus i;2
Valkenburg;Rufinus iii;8
Valkenburg;Rufus iii;4
Valkenburg;Rutaenus;2
Valkenburg;Salvetus i (Salve tu - Salve)?;6
Valkenburg;Scotnus;3
Valkenburg;Scottius i;3
Valkenburg;Secundinus i;2
Valkenburg;Secundus i;11
Valkenburg;Senecio;2
Valkenburg;Senicio;6
Valkenburg;Severus iii;6
Valkenburg;Silvanus i;3
Valkenburg;Silvinus ii;2
Valkenburg;Sulpicius;5
Valkenburg;T. Audacius (T. Audax or Tandacius);2
Valkenburg;Tertius iii;5
Valkenburg;Vapuso (Vapusus);6
Valkenburg;Virilis ii;5
Valkenburg;Virthus;3
Valkenburg;Virtus i;4
Valkenburg;Vitalis i;5
Valkenburg;Vitalis ii;21
Valkenburg;Calvus i;15
Valkenburg;Secundus ii;12
Valkenburg;Avitus ii;8
Valkenburg;Celadus;2
Valkenburg;Felix i;10
Valkenburg;Paullus i (Paulus);2
Valkenburg;Primus iii;21
Valkenburg;Successus ii (Sucesus);3
Valkenburg;Iucundus ii;3
Valkenburg;L. Cosius Virilis;10
Valkenburg;Masclus i (Masculus);3
Valkenburg;Sabinus iii;3
Valkenburg;Logirnus;6
Valkenburg;Virio-;3
Vechten;Flavius Germanus (L. Flavius Germanus);24
Vechten;Germanus i;48
Vechten;Martialis i;6
Vechten;Pudens i;4
Vechten;Meddillus (Mesillus);11
Vechten;Primus i;6
Vechten;Abitus (Habitus);12
Vechten;Aemilius i;4
Vechten;Aeronis;2
Vechten;Albanus ii;6
Vechten;Albinus iii;13
Vechten;Albus i;21
Vechten;Amandus ii;2
Vechten;Anteros;5
Vechten;Aper i;6
Vechten;Apro (Apro-)?;3
Vechten;Aquitanus;73
Vechten;Ardacus i;2
Vechten;Ardacus ii;21
Vechten;Ardanus;3
Vechten;Atica (Athca)?;2
Vechten;Atusa (Atussa);3
Vechten;Auratus;2
Vechten;Aurelius i (Aurelus);4
Vechten;Auro (Aro)?;2
Vechten;Ave (i) or Avetu or Ave tu or Ave Vale etc.;6
Vechten;Balbus i;2
Vechten;Bamsinus or Bamasinus?;2
Vechten;Bassus ii;81
Vechten;Bassus ii-Coelus;28
Vechten;Bassus iii;6
Vechten;Bellicus i;7
Vechten;Bilicatus (Bilicatos);24
Vechten;Billicuro;5
Vechten;Bionis (Bio)?;6
Vechten;Bissunus;3
Vechten;Blaesus ii;3
Vechten;Bollus ii;3
Vechten;C. Iulius Celer (Cicelr- etc.);4
Vechten;C. Iulius Primig- (C. Iul- Primic- or G. Iul- Prim- etc.);2
Vechten;C. Iulius Primig- Sur- (C. Iul- Pr- Su- etc.);2
Vechten;C. Iulius Vas- (C. Iul- Vas-);2
Vechten;C. N- Celsus;6
Vechten;C. Silvius Patricius;14
Vechten;C. Valerius Albanus?;5
Vechten;Cabiatus;4
Vechten;Cabucatus;4
Vechten;Calvinus i;3
Vechten;Cantus;20
Vechten;Capito i;8
Vechten;Carantus i;6
Vechten;Carbo;2
Vechten;Carillus iii (Carilus);5
Vechten;Carus ii;4
Vechten;Castus i;19
Vechten;Catus i;2
Vechten;Celer ii;3
Vechten;Celer iii;3
Vechten;Celsus ii;6
Vechten;Cennatus;2
Vechten;Censor i;31
Vechten;Cl- Gemma (Claudius Gemma)?;4
Vechten;Cocus i;10
Vechten;Coelus ii;10
Vechten;Corius;3
Vechten;Cosiu Urap- (Cosius Urappus);2
Vechten;Cosius Iucundus (A. Co- Iuc-)?;6
Vechten;Cosius Rufinus;16
Vechten;Cosoius?;2
Vechten;Cotto ii;9
Vechten;Cra- i;2
Vechten;Crestio;22
Vechten;Crestus i;30
Vechten;Crispus iii;8
Vechten;Damonus;7
Vechten;Daribitus;6
Vechten;Darra (Darrantus)?;8
Vechten;Diocarus;2
Vechten;Dior-;3
Vechten;Donatus i;4
Vechten;Dontio;5
Vechten;Dubitatus i;2
Vechten;Evanus?;2
Vechten;Fabus i;8
Vechten;Felicio i;3
Vechten;Felix i-Sev-;2
Vechten;Firmo i;8
Vechten;Firmo ii;6
Vechten;Florus ii;2
Vechten;Formosus;2
Vechten;Frontinus;32
Vechten;Fronto ii;3
Vechten;Fuscus ii;16
Vechten;Galbinus;6
Vechten;Gallicanus ii;11
Vechten;Gallus ii;9
Vechten;Genialis i;2
Vechten;Iabus?;3
Vechten;Ingenuus ii;14
Vechten;Ingenuus iii;4
Vechten;Iucundus iii;25
Vechten;Iulius i;3
Vechten;Iulius ii;2
Vechten;Iullinus i;12
Vechten;Iunius i;6
Vechten;Iustus i;15
Vechten;Ivenalis;2
Vechten;L. Fabu-;4
Vechten;L. Ter- Secundus;8
Vechten;L. Tr- Masculus;16
Vechten;Labio;8
Vechten;Lartius;2
Vechten;Lauratus;2
Vechten;Laurus;3
Vechten;Legitumus;2
Vechten;Libertus i;5
Vechten;Licinus;18
Vechten;Lucceius i;9
Vechten;Lucius ii;2
Vechten;Lupercus i;2
Vechten;Lupus ii;6
Vechten;M. Crestio (M- Crestio);3
Vechten;Maccarus i;44
Vechten;Macer i;3
Vechten;Macer iv;2
Vechten;Macrinus i;2
Vechten;Mando;2
Vechten;Manduilus;5
Vechten;Mansuetus i (Masuetus);3
Vechten;Maponus;2
Vechten;Marinus i;8
Vechten;Marsus i (Marssus);5
Vechten;Masclinus;7
Vechten;Masclus i-Balbus (Masclius Balbus);2
Vechten;Maternus ii (Mater-)?;2
Vechten;Matugenus ii;4
Vechten;Melain- (Melainus or Melanio)?;2
Vechten;Melus i;3
Vechten;Memor;9
Vechten;Mercator i (Mercatoris)?;16
Vechten;Modestus i;32
Vechten;Moi-;3
Vechten;Mommo;22
Vechten;Momo;6
Vechten;Mona-;2
Vechten;Monic-?;2
Vechten;Mont- Cres- (Montius Cres);11
Vechten;Montanus i;9
Vechten;Murranus i;30
Vechten;Namus ii;2
Vechten;Nequres;6
Vechten;Niger ii;24
Vechten;Notus;4
Vechten;Ocel- (Oces-)?;2
Vechten;Oclatus;3
Vechten;Onuc-?;2
Vechten;Ortius Paullus;3
Vechten;Paestor;2
Vechten;Passenus (Passienus);38
Vechten;Patricius i;39
Vechten;Paullus iii;4
Vechten;Peregrinus i;4
Vechten;Perrus (Perus);15
Vechten;Piperus;2
Vechten;Pleveus;3
Vechten;Ponteius;9
Vechten;Pontus (Pontius)?;14
Vechten;Potitus i;3
Vechten;Primulus i;19
Vechten;Primus iii-Pater;2
Vechten;Primus iii-Sco-;7
Vechten;Pudens ii;4
Vechten;Q. Iulius Habi- (Q. Iul- Habi-);2
Vechten;Quadratus ii;4
Vechten;Quartio i;2
Vechten;Quartus iii;14
Vechten;Quintanus;3
Vechten;Quintus iii;3
Vechten;Regenus;3
Vechten;Rogatus;6
Vechten;Ronicus;7
Vechten;Roppus i;3
Vechten;Rufinus iii;24
Vechten;Rufus ii;4
Vechten;Rufus iii;14
Vechten;Rusticus;2
Vechten;S- Verius (Sex. Verius)?;3
Vechten;Salvetus i (Salve tu - Salve)?;23
Vechten;Sarrutus;9
Vechten;Scoppus;2
Vechten;Scotnus;10
Vechten;Scottius i;45
Vechten;Secundinus i;6
Vechten;Secundus i;38
Vechten;Senicio;29
Vechten;Senomant-;6
Vechten;Sent-;2
Vechten;Sentius (4);2
Vechten;Sentrus i;4
Vechten;Senus ii;2
Vechten;Severus ii;5
Vechten;Severus iii;35
Vechten;Sex. Iulius Iucundus;3
Vechten;Sextius Can- (Sex- Can-);9
Vechten;Silvanus i;16
Vechten;Silvinus i;7
Vechten;Silvinus ii;14
Vechten;Stabilio;4
Vechten;Sulpicius;23
Vechten;T. Audacius (T. Audax or Tandacius);8
Vechten;Tabius Virtus (Tabus-Virtus or Tabus-Virutis)?;2
Vechten;Tertius ii;7
Vechten;Tertius iii;10
Vechten;Tetus (Tetius);3
Vechten;Urbanus ii;2
Vechten;Urituarus;2
Vechten;Vanderio (Vaderio or Vanderius or Vanderus);2
Vechten;Vapuso (Vapusus);15
Vechten;Vegetus i;5
Vechten;Verecundus ii;6
Vechten;Veriugus;4
Vechten;Virilis ii;28
Vechten;Virthus;14
Vechten;Virtus i;14
Vechten;Vitalis i;11
Vechten;Vitalis ii;101
Vechten;Vitalis ii-P-;2
Vechten;Volus;3
Vechten;Votornus;4
Vechten;Calvus i;77
Vechten;Crucuro i;4
Vechten;Secundus i or ii;12
Vechten;Secundus ii;41
Vechten;Avitus ii;6
Vechten;Celadus;12
Vechten;Felix i;38
Vechten;Paullus i (Paulus);14
Vechten;Primus iii;78
Vechten;Senilis i;3
Vechten;Silvius i;10
Vechten;Successus ii (Sucesus);3
Vechten;Iucundus ii;10
Vechten;L. Cosius Virilis;19
Vechten;Calus ii;3
Vechten;Masclus i (Masculus);22
Vechten;Acutus i;20
Vechten;Sabinus iii;31
Vechten;Logirnus;16
Vechten;Cotus;2
Vechten;Epidius;2
Vechten;Montius (Montus)?;2
Vechten;Q. L- D-;2
Vechten;Sabinianus i;2
Vechten;Tritus i;2
Vechten;Varius;2
Vechten;Vaxius?;3
Vechten;Virio-;2
Vechten;Vonus (Vonius);4
Velsen;Abitus (Habitus);2
Velsen;Anextlatus;3
Velsen;Anteros;3
Velsen;Aquitanus;3
Velsen;Aqutus ii;2
Velsen;Bilicatus (Bilicatos);7
Velsen;Cantus;4
Velsen;Capito i;2
Velsen;Castus i;4
Velsen;Celer ii;4
Velsen;Darra (Darrantus)?;2
Velsen;Idmevis;3
Velsen;Lepidus ii;3
Velsen;Maccarus i;6
Velsen;Murranus i;3
Velsen;Quadratus ii;4
Velsen;Regenus;3
Velsen;Rufus ii;3
Velsen;Salvetus i (Salve tu - Salve)?;3
Velsen;Scottius i;12
Velsen;Secundus i;12
Velsen;Sen-;3
Velsen;Severus ii;3
Velsen;Silvanus i;7
Velsen;Silvinus i;2
Velsen;Tertius ii;2
Velsen;Valuco;2
Velsen;Vapuso (Vapusus);9
Velsen;Acutus i;11
Verulamium;Flavius Germanus (L. Flavius Germanus);4
Verulamium;Germanus i;6
Verulamium;Meddillus (Mesillus);3
Verulamium;Albanus ii;3
Verulamium;Albus i;3
Verulamium;Aquitanus;4
Verulamium;Ardacus ii;3
Verulamium;Bassus ii;6
Verulamium;Bassus ii-Coelus;2
Verulamium;Bionis (Bio)?;3
Verulamium;C. Silvius Patricius;2
Verulamium;Censor i;4
Verulamium;Coelus ii;2
Verulamium;Cosius Iucundus (A. Co- Iuc-)?;2
Verulamium;Cosius Rufinus;3
Verulamium;Cotto ii;3
Verulamium;Crestio;8
Verulamium;Crestus i;6
Verulamium;Firmo i;2
Verulamium;Frontinus;2
Verulamium;Ingenuus ii;2
Verulamium;Iucundus iii;4
Verulamium;Licinus;5
Verulamium;Mabio;2
Verulamium;Maccarus i;3
Verulamium;Matugenus ii;2
Verulamium;Memor;6
Verulamium;Modestus i;6
Verulamium;Mommo;5
Verulamium;Mont- Cres- (Montius Cres);2
Verulamium;Montanus i;2
Verulamium;Murranus i;8
Verulamium;Niger ii;12
Verulamium;Passenus (Passienus);8
Verulamium;Patricius i;13
Verulamium;Peregrinus i;2
Verulamium;Ponteius;2
Verulamium;Pontus (Pontius)?;4
Verulamium;Primulus i;3
Verulamium;Rufinus iii;9
Verulamium;Rufus iii;2
Verulamium;Severus iii;18
Verulamium;Sulpicius;3
Verulamium;Virilis ii;4
Verulamium;Virthus;4
Verulamium;Vitalis i;2
Verulamium;Vitalis ii;5
Verulamium;Calvus i;7
Verulamium;Secundus ii;3
Verulamium;Felix i;3
Verulamium;Primus iii;19
Verulamium;L. Cosius Virilis;3
Verulamium;Masclus i (Masculus);3
Verulamium;Sabinus iii;5
Verulamium;Logirnus;4
Verulamium;Nivius?;2
Verulamium;Vaxius?;2
Virunum;Animus (Avimus);2
Waddon Hill;Licinus;2
Waddon Hill;Paestor;2
Wall;Bionis (Bio)?;2
Wall;Modestus i;2
Wall;Primus iii;2
Wanborough, Wiltshire;Aquitanus;2
Wanborough, Wiltshire;Censor i;2
Wanborough, Wiltshire;Cotto ii;2
Wanborough, Wiltshire;Niger ii;5
Wanborough, Wiltshire;Passenus (Passienus);4
Wanborough, Wiltshire;Severus iii;5
Wanborough, WiltshireWanborough, Wiltshire;Germanus i;4
Wanborough, WiltshireWanborough, Wiltshire;Murranus i;2
Wanborough, WiltshireWanborough, Wiltshire;Patricius i;3
Wanborough, WiltshireWanborough, Wiltshire;Pontus (Pontius)?;2
Wanborough, WiltshireWanborough, Wiltshire;Sulpicius;2
Wanborough, WiltshireWanborough, Wiltshire;Secundus ii;3
Wanborough, WiltshireWanborough, Wiltshire;Primus iii;3
Wanborough, WiltshireWanborough, Wiltshire;Sabinus iii;2
Weil am Rhein;Aquitanus;2
Weissenburg;Vitalis ii;2
Weissenburg;Calvus i;2
Wels;Censor i;2
Wels;Vitalis ii;4
Welwyn;Frontinus;3
West Tilbury;Bassus ii;3
West Tilbury;Frontinus;3
West Tilbury;Niger ii;2
West Tilbury;Calvus i;3
West Tilbury;Primus iii;3
White Notley;Calvus i;2
Wien;Carantus i;3
Wien;Fuscus ii;2
Wien;Severus iii;2
Wien;Vitalis ii;4
Wien;L. Cosius Virilis;3
Wien;Sabinus iii;2
Wiesbaden;Flavius Germanus (L. Flavius Germanus);8
Wiesbaden;Germanus i;11
Wiesbaden;Meddillus (Mesillus);3
Wiesbaden;Albus i;3
Wiesbaden;Aquitanus;5
Wiesbaden;Ardacus ii;3
Wiesbaden;Bassus ii;17
Wiesbaden;Bassus ii-Coelus;6
Wiesbaden;Bassus iii;2
Wiesbaden;Bissunus;4
Wiesbaden;C. Iulius Primig- (C. Iul- Primic- or G. Iul- Prim- etc.);2
Wiesbaden;C. N- Celsus;3
Wiesbaden;C. Silvius Patricius;3
Wiesbaden;Cabucatus;2
Wiesbaden;Carantus i;3
Wiesbaden;Castus i;2
Wiesbaden;Censor i;7
Wiesbaden;Coelus ii;3
Wiesbaden;Cosius Iucundus (A. Co- Iuc-)?;3
Wiesbaden;Cosius Rufinus;5
Wiesbaden;Cotto ii;2
Wiesbaden;Crestio;6
Wiesbaden;Crestus i;5
Wiesbaden;Crispus iii;3
Wiesbaden;Damonus;2
Wiesbaden;Frontinus;11
Wiesbaden;Fuscus ii;2
Wiesbaden;Ingenuus iii;2
Wiesbaden;Iucundus iii;10
Wiesbaden;Iullinus i;5
Wiesbaden;L. Senis (L. Seni- S-);2
Wiesbaden;L. Ter- Secundus;2
Wiesbaden;L. Tr- Masculus;3
Wiesbaden;Labio;6
Wiesbaden;Licinus;2
Wiesbaden;Lucceius i;2
Wiesbaden;M. Crestio (M- Crestio);2
Wiesbaden;Manduilus;2
Wiesbaden;Memor;3
Wiesbaden;Mercator i (Mercatoris)?;4
Wiesbaden;Modestus i;4
Wiesbaden;Moi-;3
Wiesbaden;Mommo;10
Wiesbaden;Mont- Cres- (Montius Cres);2
Wiesbaden;Montanus i;2
Wiesbaden;Murranus i;6
Wiesbaden;Niger ii;4
Wiesbaden;Pas-;2
Wiesbaden;Passenus (Passienus);7
Wiesbaden;Patricius i;18
Wiesbaden;Paullus iii;3
Wiesbaden;Peregrinus i;3
Wiesbaden;Perrus (Perus);3
Wiesbaden;Polus;3
Wiesbaden;Pontus (Pontius)?;4
Wiesbaden;Potitus i;2
Wiesbaden;Primulus i;3
Wiesbaden;Ronicus;2
Wiesbaden;Rufinus iii;6
Wiesbaden;Rufus iii;5
Wiesbaden;Scottius i;6
Wiesbaden;Secundinus i;2
Wiesbaden;Senicio;2
Wiesbaden;Severus iii;7
Wiesbaden;Sextius Can- (Sex- Can-);2
Wiesbaden;Silvanus i;3
Wiesbaden;Silvinus ii;3
Wiesbaden;Sulpicius;4
Wiesbaden;Tabius Virtus (Tabus-Virtus or Tabus-Virutis)?;2
Wiesbaden;Virilis ii;10
Wiesbaden;Virthus;5
Wiesbaden;Vitalis i;2
Wiesbaden;Vitalis ii;21
Wiesbaden;Calvus i;16
Wiesbaden;Secundus i or ii;4
Wiesbaden;Secundus ii;8
Wiesbaden;Felix i;4
Wiesbaden;Paullus i (Paulus);2
Wiesbaden;Primus iii;12
Wiesbaden;L. Cosius Virilis;11
Wiesbaden;Masclus i (Masculus);3
Wiesbaden;Acutus i;2
Wiesbaden;Sabinus iii;2
Wiesbaden;Logirnus;3
Wilcote;Virtus i;2
Wilderspool;Germanus i;3
Wilderspool;Crestus i;3
Wilderspool;L. Ter- Secundus;2
Wilderspool;L. Tr- Masculus;3
Wilderspool;Maternus ii (Mater-)?;3
Wilderspool;Virilis ii;2
Wilderspool;Calvus i;2
Wilderspool;L. Cosius Virilis;6
Wimborne;Aquitanus;5
Wimborne;Licinus;3
Wimborne;Maccarus i;2
Wimborne;Modestus i;2
Wimborne;Murranus i;2
Wimborne;Perrus (Perus);2
Wimborne;Primus iii;2
Winchester;Ardacus ii;2
Winchester;Carillus iii (Carilus);2
Winchester;Censor i;2
Winchester;Cosius Rufinus;3
Winchester;Cotto ii;2
Winchester;Crestus i;2
Winchester;Dontio;3
Winchester;Iucundus iii;3
Winchester;Iullinus i;3
Winchester;Licinus;3
Winchester;Mommo;3
Winchester;Murranus i;2
Winchester;Passenus (Passienus);3
Winchester;Patricius i;2
Winchester;Severus iii;4
Winchester;Vitalis ii;3
Winchester;Calvus i;5
Winchester;Primus iii;4
Winchester;Sabinus iii;2
Winchester;Logirnus;4
Winnall;Niger ii;3
Woerden;Flavius Germanus (L. Flavius Germanus);3
Woerden;Aquitanus;5
Woerden;Ardacus ii;2
Woerden;Bassus ii;5
Woerden;Bassus ii-Coelus;3
Woerden;Billicuro;2
Woerden;C. Iulius Primig- (C. Iul- Primic- or G. Iul- Prim- etc.);2
Woerden;Censor i;3
Woerden;Cl- Gemma (Claudius Gemma)?;2
Woerden;Frontinus;3
Woerden;Fuscus ii;3
Woerden;Licinus;2
Woerden;Maccarus i;2
Woerden;Maternus ii (Mater-)?;2
Woerden;Mercator i (Mercatoris)?;2
Woerden;Mommo;2
Woerden;Niger ii;3
Woerden;Passenus (Passienus);2
Woerden;Q. Iulius Habi- (Q. Iul- Habi-);2
Woerden;Severus iii;7
Woerden;Sextius Can- (Sex- Can-);2
Woerden;Silvinus ii;2
Woerden;Sulpicius;2
Woerden;Vitalis ii;5
Woerden;Calvus i;6
Woerden;Felix i;2
Woerden;Primus iii;4
Woerden;L. Cosius Virilis;3
Woerden;Masclus i (Masculus);2
Woerden;Sabinus iii;2
Woerden;Logirnus;2
Wöllstein;Primus iii;3
Worcester;Secundus i;2
Worcester;Severus iii;2
Worms;Germanus i;4
Worms;Aemilius i;2
Worms;Albanus ii;3
Worms;Albus i;2
Worms;Aquitanus;5
Worms;Ardacus ii;2
Worms;Bassus ii;8
Worms;Cantus;2
Worms;Carus iii;2
Worms;Castus i;4
Worms;Censor i;6
Worms;Cosius Rufinus;3
Worms;Cotto ii;2
Worms;Crestio;4
Worms;Crestus i;6
Worms;Frontinus;2
Worms;Iucundus iii;3
Worms;Iustus i;2
Worms;Lentu-;2
Worms;Licinus;2
Worms;Modestus i;2
Worms;Murranus i;2
Worms;Patricius i;7
Worms;Perrus (Perus);3
Worms;Scottius i;2
Worms;Secundus i;2
Worms;Severus iii;4
Worms;Sulpicius;5
Worms;Virthus;4
Worms;Vitalis ii;3
Worms;Calvus i;2
Worms;Secundus ii;2
Worms;Primus iii;4
Worms;Acutus i;2
Wroxeter;Flavius Germanus (L. Flavius Germanus);2
Wroxeter;Germanus i;5
Wroxeter;Martialis i;2
Wroxeter;Meddillus (Mesillus);4
Wroxeter;Albanus ii;4
Wroxeter;Albus i;2
Wroxeter;Amandus ii;3
Wroxeter;Aquitanus;3
Wroxeter;Ardacus ii;3
Wroxeter;Bassus ii;2
Wroxeter;Bassus iii;3
Wroxeter;Bionis (Bio)?;2
Wroxeter;C. N- Celsus;2
Wroxeter;C. Silvius Patricius;4
Wroxeter;Carantus i;2
Wroxeter;Carbo;4
Wroxeter;Carus iii;2
Wroxeter;Ce- i;2
Wroxeter;Censor i;5
Wroxeter;Cosius Iucundus (A. Co- Iuc-)?;4
Wroxeter;Cosius Rufinus;7
Wroxeter;Cotto ii;4
Wroxeter;Crestio;5
Wroxeter;Crestus i;9
Wroxeter;Damonus;2
Wroxeter;Fabus i;5
Wroxeter;Firmo ii;2
Wroxeter;Frontinus;8
Wroxeter;Iucundus iii;4
Wroxeter;Iulius ii;2
Wroxeter;Iullinus i;3
Wroxeter;Lentu-;2
Wroxeter;Licinus;2
Wroxeter;Lupus ii;3
Wroxeter;Macer i;3
Wroxeter;Manduilus;3
Wroxeter;Memor;4
Wroxeter;Mercator i (Mercatoris)?;5
Wroxeter;Modestus i;7
Wroxeter;Moi-;3
Wroxeter;Mommo;7
Wroxeter;Montanus i;3
Wroxeter;Murranus i;7
Wroxeter;Nequres;3
Wroxeter;Niger ii;13
Wroxeter;Passenus (Passienus);12
Wroxeter;Patricius i;7
Wroxeter;Peregrinus i;2
Wroxeter;Ponteius;2
Wroxeter;Pontus (Pontius)?;2
Wroxeter;Primulus i;2
Wroxeter;Pudens ii;2
Wroxeter;Quartus iii;2
Wroxeter;Quintio i;2
Wroxeter;Rufinus iii;11
Wroxeter;Secundinus i;3
Wroxeter;Secundus i;2
Wroxeter;Severus iii;8
Wroxeter;Silvinus i;2
Wroxeter;Silvinus ii;2
Wroxeter;Sulpicius;3
Wroxeter;Vanderio (Vaderio or Vanderius or Vanderus);3
Wroxeter;Virilis ii;3
Wroxeter;Virthus;3
Wroxeter;Virtus i;2
Wroxeter;Vitalis i;2
Wroxeter;Vitalis ii;23
Wroxeter;Calvus i;12
Wroxeter;Secundus ii;8
Wroxeter;Felix i;4
Wroxeter;Primus iii;15
Wroxeter;L. Cosius Virilis;2
Wroxeter;Sabinus iii;10
Wroxeter;Logirnus;6
Wroxeter;Vaxius?;2
Wycombe;Primus iii;2
Xanten;Flavius Germanus (L. Flavius Germanus);3
Xanten;Germanus i;5
Xanten;Martialis i;3
Xanten;Primus i;2
Xanten;Abitus (Habitus);4
Xanten;Albinus iii;5
Xanten;Albus i;3
Xanten;Aquitanus;35
Xanten;Ardacus ii;7
Xanten;Ardanus;4
Xanten;Bassus ii;32
Xanten;Bassus ii-Coelus;13
Xanten;Bilicatus (Bilicatos);3
Xanten;Billicuro;2
Xanten;Bissunus;2
Xanten;C. Iulius Primig- (C. Iul- Primic- or G. Iul- Prim- etc.);2
Xanten;C. N- Celsus;5
Xanten;C. Silvius Patricius;2
Xanten;Cantus;2
Xanten;Castus i;3
Xanten;Cat- i;2
Xanten;Censor i;6
Xanten;Cl- Gemma (Claudius Gemma)?;2
Xanten;Cocus i;5
Xanten;Coelus ii;4
Xanten;Corius;2
Xanten;Cosius Iucundus (A. Co- Iuc-)?;3
Xanten;Crestio;4
Xanten;Crestus i;6
Xanten;Dontio;2
Xanten;Firmo i;2
Xanten;Flavius Sabinus;3
Xanten;Frontinus;2
Xanten;Fuscus ii;4
Xanten;Ingenuus ii;5
Xanten;Iucundus iii;3
Xanten;Iullinus i;5
Xanten;Iustus i;4
Xanten;Licinus;7
Xanten;Lupus ii;2
Xanten;Maccarus i;7
Xanten;Manduilus;2
Xanten;Maternus ii (Mater-)?;2
Xanten;Melus i;2
Xanten;Memor;4
Xanten;Mercator i (Mercatoris)?;2
Xanten;Minas;2
Xanten;Modestus i;6
Xanten;Momo;2
Xanten;Montanus i;3
Xanten;Murranus i;5
Xanten;Niger ii;5
Xanten;Passenus (Passienus);4
Xanten;Patricius i;10
Xanten;Paullus iii;2
Xanten;Perrus (Perus);6
Xanten;Ponteius;2
Xanten;Pontus (Pontius)?;5
Xanten;Primulus i;2
Xanten;Primus iii-Sco-;3
Xanten;Quartus iii;2
Xanten;Regenus;3
Xanten;Rogatus;2
Xanten;Rufinus iii;3
Xanten;Rufus ii;2
Xanten;Rufus iii;4
Xanten;Rusticus;4
Xanten;Salvetus i (Salve tu - Salve)?;4
Xanten;Scotnus;3
Xanten;Scottius i;13
Xanten;Secundinus i;2
Xanten;Secundus i;8
Xanten;Senecio;2
Xanten;Senicio;4
Xanten;Senomant-;3
Xanten;Severus iii;13
Xanten;Sextius Can- (Sex- Can-);3
Xanten;Silvanus i;3
Xanten;Silvinus ii;3
Xanten;Sulpicius;5
Xanten;T. Audacius (T. Audax or Tandacius);2
Xanten;Tabius Virtus (Tabus-Virtus or Tabus-Virutis)?;2
Xanten;Tertius iii;3
Xanten;Vapuso (Vapusus);6
Xanten;Virilis ii;4
Xanten;Virthus;3
Xanten;Virtus i;2
Xanten;Vitalis ii;22
Xanten;Calvus i;15
Xanten;Secundus i or ii;2
Xanten;Secundus ii;7
Xanten;Felix i;6
Xanten;Primus iii;22
Xanten;Successus ii (Sucesus);3
Xanten;L. Cosius Virilis;10
Xanten;Masclus i (Masculus);8
Xanten;Acutus i;6
Xanten;Sabinus iii;7
Xanten;Logirnus;6
York;Flavius Germanus (L. Flavius Germanus);3
York;Germanus i;7
York;Meddillus (Mesillus);3
York;Albanus ii;3
York;Albus i;3
York;Carantus i;2
York;Censor i;8
York;Coelus ii;6
York;Cosius Rufinus;4
York;Cotto ii;5
York;Crestio;4
York;Crestus i;10
York;Crucus (Crucius);2
York;Frontinus;5
York;Fuscus ii;5
York;Gallicanus ii;2
York;Iucundus iii;2
York;Iullinus i;3
York;L. Ter- Secundus;2
York;L. Tr- Masculus;3
York;Labio;3
York;Maternus ii (Mater-)?;2
York;Memor;3
York;Mercator i (Mercatoris)?;4
York;Modestus i;2
York;Mommo;3
York;Mont- Cres- (Montius Cres);4
York;Montanus i;2
York;Niger ii;4
York;Passenus (Passienus);7
York;Patricius i;14
York;Paullus iii;2
York;Peregrinus i;5
York;Perrus (Perus);2
York;Ponteius;5
York;Pontus (Pontius)?;9
York;Primulus i;3
York;Quintio i;2
York;Ronicus;2
York;Rufinus iii;12
York;Rufus iii;7
York;Severus iii;8
York;Sextius Can- (Sex- Can-);2
York;Silvinus ii;2
York;Sulpicius;3
York;Verecundus ii;2
York;Virilis ii;5
York;Virtus i;4
York;Vitalis ii;8
York;Calvus i;16
York;Secundus ii;13
York;Felix i;3
York;Primus iii;6
York;L. Cosius Virilis;14
York;Masclus i (Masculus);3
York;Sabinus iii;7
York;Logirnus;2
Zollfeld;Lucius ii;2
Zugmantel;L. Cosius Virilis;2
Zwammerdam;Aquitanus;14
Zwammerdam;Ardacus ii;2
Zwammerdam;Bassus ii;15
Zwammerdam;Censor i;2
Zwammerdam;Crestio;2
Zwammerdam;Crestus i;2
Zwammerdam;Fabus i;2
Zwammerdam;Firmo i;2
Zwammerdam;Lupus ii;2
Zwammerdam;Marinus i;2
Zwammerdam;Modestus i;3
Zwammerdam;Patricius i;3
Zwammerdam;Rufus iii;3
Zwammerdam;Salvetus i (Salve tu - Salve)?;3
Zwammerdam;Severus iii;3
Zwammerdam;Vitalis ii;9
Zwammerdam;Calvus i;4
Zwammerdam;Paullus i (Paulus);2
Zwammerdam;L. Cosius Virilis;3
Zwammerdam;Sabinus iii;5
